set,label,p_obs,p_endo,p_surg
apparent,1,0.75821974203572,0.2324845098779486,0.009295748086331424
apparent,2,0.20931701810344974,0.18822512468064412,0.6024578572159062
apparent,1,0.4906945978186402,0.4868722499287599,0.022433152252599765
apparent,1,0.6641302912890507,0.3250066079177522,0.010863100793197064
apparent,2,0.7472585108074189,0.2391197212756803,0.01362176791690078
apparent,1,0.2367522929417131,0.6889443428867821,0.07430336417150477
apparent,0,0.47458493577675487,0.4003472841801847,0.12506778004306057
apparent,2,0.024950292763871645,0.004445901550593425,0.9706038056855351
apparent,0,0.26087491322935524,0.6926353362712222,0.04648975049942257
apparent,0,0.6966256453838217,0.29530376760552235,0.008070587010656067
apparent,1,0.8081869753988176,0.1478832429440717,0.043929781657110596
apparent,1,0.31961644775355075,0.6635765791963797,0.016806973050069642
apparent,1,0.667771284830919,0.3202979706997476,0.011930744469333333
apparent,0,0.8565530287645726,0.12407487171657845,0.01937209951884885
apparent,0,0.7069358416130673,0.28581028687511834,0.007253871511814296
apparent,0,0.6356547308810518,0.34905014792370037,0.01529512119524781
apparent,2,0.2797069022278734,0.18986149174343464,0.530431606028692
apparent,2,0.26556236459767985,0.137283047876034,0.5971545875262863
apparent,1,0.26607572392753415,0.7118230114640086,0.02210126460845709
apparent,1,0.24927110040372372,0.7391556339203439,0.011573265675932237
apparent,0,0.7384959842586419,0.15651587286803398,0.10498814287332396
apparent,1,0.2674177529341065,0.7128205464895114,0.019761700576382144
apparent,1,0.16942885660102364,0.7971525898666221,0.033418553532354
apparent,0,0.7183664973524445,0.2709027654072337,0.010730737240321786
apparent,0,0.4387583453874287,0.33387176752108483,0.22736988709148656
apparent,1,0.1589667662460939,0.8072961362130858,0.03373709754082002
apparent,1,0.6219105504519888,0.35681640168284523,0.021273047865166015
apparent,0,0.5141975347755401,0.45262121002885286,0.033181255195607044
apparent,1,0.11062463734659767,0.8774600587954886,0.011915303857913668
apparent,0,0.41628755316563754,0.5655808835683799,0.018131563265982503
apparent,0,0.5900228045884882,0.39860430010048786,0.011372895311023964
apparent,2,0.23212348863941007,0.06024307728457593,0.707633434076014
apparent,0,0.08406696564447648,0.8796015253412266,0.03633150901429684
apparent,1,0.24136918800228843,0.7357583158700571,0.02287249612765462
apparent,0,0.6990605852196138,0.28304801613551744,0.017891398644868835
apparent,0,0.7942052260375354,0.15748445749087484,0.048310316471589655
apparent,0,0.4207110338922644,0.4727142894926531,0.10657467661508258
apparent,1,0.21182214165032098,0.7671072237589044,0.021070634590774802
apparent,0,0.40636054084532935,0.5851347952674688,0.008504663887201856
apparent,1,0.2751640443182342,0.683256544556867,0.041579411124898755
apparent,2,0.1576826607652001,0.18946213785238483,0.6528552013824152
apparent,0,0.6713948194956043,0.29955139200260994,0.029053788501785832
apparent,1,0.09952084572510253,0.4740770672789886,0.426402086995909
apparent,1,0.7052849036057205,0.2823770736528207,0.012338022741458904
apparent,1,0.2912377526771485,0.6763407651698496,0.03242148215300179
apparent,0,0.7062608156874927,0.2813561892509522,0.012382995061555106
apparent,0,0.20699814748801212,0.6789332376780799,0.11406861483390802
apparent,0,0.5447744149514584,0.3684664963892589,0.08675908865928271
apparent,0,0.20969779682894152,0.7854665494683134,0.004835653702745095
apparent,1,0.5406183031838693,0.4208360339244068,0.03854566289172394
apparent,1,0.4360719492667714,0.4927866937167725,0.07114135701645627
apparent,1,0.1763223967357436,0.7997651346967747,0.023912468567481443
apparent,2,0.3301091858557512,0.6283786151579673,0.041512198986281536
apparent,1,0.3608772457941879,0.6318090267353417,0.0073137274704704065
apparent,1,0.7190389551613091,0.25988545130254453,0.021075593536146266
apparent,0,0.25956895068320834,0.698750044759817,0.04168100455697469
apparent,2,0.12314547176998544,0.13946101019824,0.7373935180317748
apparent,1,0.12030126637643393,0.05908345539591037,0.8206152782276558
apparent,1,0.26086319712837047,0.7129846288940731,0.026152173977556325
apparent,1,0.7667307902157281,0.22127288236350684,0.011996327420764832
apparent,1,0.1715881670736013,0.8122533320018404,0.016158500924558505
apparent,0,0.40267868320590844,0.487908787054118,0.10941252973997354
apparent,1,0.2725577936449199,0.7177644459444176,0.009677760410662532
apparent,2,0.0413276549676519,0.0459044450370414,0.9127678999953067
apparent,2,0.14199815312873892,0.04229975543423927,0.8157020914370218
apparent,0,0.7310091743062155,0.2584744722286138,0.010516353465170747
apparent,2,0.40459518574363135,0.28918376208660934,0.30622105216975926
apparent,1,0.40342272599025913,0.5893740104661267,0.007203263543614216
apparent,1,0.360168085827007,0.3436684766721222,0.29616343750087093
apparent,0,0.4658686611814885,0.5295076437158667,0.004623695102644661
apparent,1,0.039289047450408975,0.9400361964390733,0.020674756110517768
apparent,1,0.6159288006391415,0.37535857372857,0.008712625632288532
apparent,0,0.6125110058413255,0.26637305153165447,0.12111594262702016
apparent,0,0.5804833739480042,0.2899728746484989,0.12954375140349675
apparent,1,0.5800657571148982,0.3954636793543792,0.02447056353072257
apparent,0,0.5748248156895428,0.37852962634442827,0.04664555796602885
apparent,0,0.69629154654479,0.2902569539888688,0.013451499466341332
apparent,2,0.02399902213197786,0.012337353610728671,0.9636636242572933
apparent,1,0.34782139270182666,0.5290559152886426,0.12312269200953066
apparent,2,0.4625347755132749,0.4147475184467767,0.12271770603994833
apparent,1,0.536097651771239,0.44695239406642706,0.016949954162333903
apparent,1,0.284067357835949,0.7086019278708446,0.00733071429320641
apparent,0,0.408168990722957,0.5767104385006372,0.015120570776405695
apparent,0,0.16770844796539994,0.0744783907977262,0.7578131612368739
apparent,1,0.45153303517442983,0.4314586067339305,0.11700835809163965
apparent,0,0.244308545703649,0.25809622486499645,0.49759522943135437
apparent,1,0.5597037268447227,0.4205966233308255,0.019699649824451784
apparent,1,0.38311449832541794,0.32178134070387004,0.295104160970712
apparent,1,0.15609102872917152,0.3504595459564791,0.49344942531434954
apparent,0,0.6043150261545325,0.37247560697247095,0.023209366872996566
apparent,0,0.7148971543664774,0.26900110523260407,0.016101740400918618
apparent,1,0.22977434580212278,0.748613914536808,0.02161173966106928
apparent,1,0.25186945147027207,0.7095242083679889,0.03860634016173904
apparent,1,0.18708945346919686,0.7679058344370976,0.04500471209370563
apparent,0,0.47093563070891875,0.48643501113686816,0.042629358154213176
apparent,0,0.7862206846093401,0.2038323773663623,0.009946938024297396
apparent,1,0.20298736081224394,0.5565185082031567,0.24049413098459937
apparent,0,0.4324406431209587,0.49279339460776495,0.07476596227127638
apparent,2,0.7299115901041726,0.2581542984536701,0.011934111442157311
apparent,1,0.21966467912443582,0.7679878896971735,0.012347431178390838
apparent,0,0.38412376877508625,0.6077065727482918,0.008169658476622063
apparent,1,0.6314969551717973,0.3575804187011218,0.010922626127080944
apparent,0,0.7477797185063761,0.23403210013110928,0.01818818136251449
apparent,1,0.5605478925951455,0.39143029056795164,0.04802181683690289
apparent,2,0.1354850492583784,0.19736921408411653,0.6671457366575051
apparent,1,0.1951339030104536,0.7346701159697219,0.0701959810198246
apparent,0,0.6651087283502171,0.32478957893035,0.01010169271943296
apparent,2,0.5557219127724481,0.33308478814747167,0.11119329908008024
apparent,1,0.5796770610567583,0.38860353343817755,0.03171940550506412
apparent,0,0.39945943305025067,0.5919842579368091,0.00855630901293999
apparent,1,0.5646835963234168,0.3670193962942937,0.0682970073822895
apparent,0,0.7308023040025826,0.25997558838413987,0.00922210761327777
apparent,2,0.19614301607389467,0.05389275131407436,0.7499642326120307
apparent,0,0.2754006315741777,0.7060107138075827,0.01858865461823954
apparent,1,0.03946163876353885,0.46688785416738854,0.49365050706907254
apparent,1,0.045945696464668014,0.6136036156633449,0.34045068787198707
apparent,1,0.2367011402121771,0.7404473555489078,0.022851504238915056
apparent,1,0.1764807526147663,0.775514046714171,0.04800520067106267
apparent,0,0.6254945877113524,0.35098083122088614,0.023524581067761417
apparent,2,0.2747231554715458,0.2644257429909519,0.4608511015375024
apparent,1,0.6138751561987998,0.16120446211333245,0.22492038168786782
apparent,1,0.5163143961086183,0.41733161761922755,0.06635398627215416
apparent,1,0.6669768175355171,0.2841755905254586,0.048847591939024326
apparent,0,0.9307641095615216,0.06574311066500045,0.0034927797734778518
apparent,0,0.6521616562375278,0.3083661898006422,0.03947215396183
apparent,1,0.758475666713011,0.19768673780253943,0.04383759548444956
apparent,0,0.6001795586121735,0.373422872514812,0.026397568873014494
apparent,1,0.11248728038106737,0.84581588952289,0.041696830096042484
apparent,0,0.16964719157747976,0.7595840336877345,0.07076877473478556
apparent,1,0.44559420310728015,0.5083782321825878,0.04602756471013211
apparent,1,0.31153307716671785,0.4849596433498352,0.20350727948344707
apparent,0,0.40141006611357455,0.5784967737965545,0.020093160089870946
apparent,1,0.5571488057458354,0.4378655035606681,0.004985690693496546
apparent,1,0.7520150618812431,0.23983887537698573,0.008146062741771112
apparent,1,0.6405241829599444,0.3123070147230383,0.04716880231701748
apparent,0,0.9305497859159757,0.06545031201627158,0.003999902067752648
apparent,0,0.687989211546963,0.2808228177097314,0.03118797074330561
apparent,0,0.7207788644155777,0.27041774661471246,0.008803388969709856
apparent,0,0.5837008201059779,0.3418296127526367,0.0744695671413855
apparent,0,0.6328875395721724,0.35235953077034937,0.014752929657478101
apparent,0,0.3950109204162378,0.590504059594712,0.01448501998905032
apparent,0,0.6574616297095034,0.3212500026801201,0.02128836761037646
apparent,0,0.6124406456000917,0.3689202718027319,0.018639082597176438
apparent,1,0.13935580862116712,0.6625239345225664,0.19812025685626639
apparent,1,0.30599955556667,0.4102874766074601,0.28371296782586986
apparent,1,0.4270858594747488,0.2003890897442316,0.37252505078101966
apparent,1,0.30408544032692203,0.6171301307792438,0.07878442889383416
apparent,0,0.7068747346668618,0.27701989868607896,0.01610536664705928
apparent,0,0.33930422850546904,0.27391803283040117,0.3867777386641298
apparent,1,0.13284597379962618,0.8284324432260085,0.03872158297436516
apparent,1,0.384545784796665,0.5772969995471143,0.03815721565622065
apparent,0,0.5841992968171078,0.3856836108994012,0.030117092283491013
apparent,1,0.6733511440019626,0.31189147895306035,0.014757377044977028
apparent,1,0.760764551432621,0.23279541143043114,0.006440037136947956
apparent,1,0.3426588108702765,0.6476595356507158,0.00968165347900763
apparent,0,0.8114134297939632,0.18024907208141389,0.00833749812462288
apparent,0,0.5108439361032338,0.2635757934741205,0.2255802704226458
apparent,0,0.27564934276108877,0.6779803553642717,0.046370301874639655
apparent,0,0.501644096758569,0.43840452580584255,0.059951377435588524
apparent,1,0.216048208813151,0.7433579349903227,0.04059385619652638
apparent,1,0.2598356172900531,0.729122389401115,0.011041993308831962
apparent,1,0.34443093434465466,0.6353752306538338,0.020193835001511513
apparent,1,0.6847275621988073,0.27617949064949043,0.03909294715170221
apparent,2,0.35963657192143766,0.2343889131081028,0.40597451497045967
apparent,1,0.1745949392355011,0.8190471498207778,0.00635791094372113
apparent,1,0.6375257408663738,0.35156295571097623,0.01091130342265011
apparent,0,0.7074998531154217,0.2789464748015301,0.013553672083048132
apparent,1,0.6451387503569477,0.31812494410443504,0.036736305538617384
apparent,1,0.32598293864040584,0.5580554022878753,0.11596165907171885
apparent,0,0.29446337185766425,0.6945139655639416,0.011022662578394187
apparent,2,0.22119670171057262,0.25664317655215846,0.5221601217372691
apparent,0,0.6925224128665002,0.291323136525153,0.016154450608346756
apparent,1,0.3970742438391702,0.5973362205141474,0.005589535646682612
apparent,2,0.28835293806300333,0.6921702538664787,0.01947680807051802
apparent,0,0.5997400257656176,0.3592717561332221,0.0409882181011601
apparent,1,0.21291159857416955,0.762480993821651,0.024607407604179385
apparent,1,0.17311541312593742,0.6671584093362513,0.15972617753781143
apparent,0,0.7398050703532355,0.2505759412656775,0.009618988381087
apparent,1,0.20717448805915906,0.7722725095189106,0.020553002421930464
apparent,1,0.3635491142657543,0.6285032444745285,0.00794764125971716
apparent,1,0.2661525010454423,0.11764549364257677,0.6162020053119811
apparent,1,0.6291996060302745,0.3580968169317122,0.01270357703801345
apparent,0,0.719898545397551,0.2673117828305363,0.012789671771912642
apparent,1,0.09790263535237988,0.8814133444827391,0.020684020164880915
apparent,1,0.0968262323017821,0.8744521023413443,0.028721665356873583
apparent,0,0.7927946544323936,0.17293992680185347,0.034265418765752925
apparent,1,0.6232166092480529,0.35918723483913717,0.017596155912809983
apparent,0,0.7445669920237012,0.240089173134488,0.015343834841810705
apparent,2,0.43083850006381885,0.12774440476606813,0.44141709517011307
apparent,1,0.5753232756365777,0.40401221874681736,0.020664505616604774
apparent,1,0.6129772837444583,0.3671916330464061,0.019831083209135566
apparent,0,0.626105623871463,0.28784219099305414,0.08605218513548293
apparent,1,0.5766685294698093,0.3969056733223457,0.026425797207845013
apparent,1,0.43614864210403326,0.5532644806808737,0.010586877215093073
apparent,1,0.1816534009100487,0.7759223200955243,0.04242427899442705
apparent,1,0.3759470540034996,0.6059453051495578,0.01810764084694263
apparent,2,0.31354241107705416,0.6537803857809832,0.0326772031419626
apparent,0,0.5566668167075678,0.3965447789474376,0.04678840434499435
apparent,0,0.750498034985898,0.22913264454128587,0.020369320472816196
apparent,0,0.6136584671694781,0.37742312769772973,0.008918405132792007
apparent,1,0.5508835095294002,0.40305078938643657,0.04606570108416323
apparent,0,0.5863400995813854,0.3896175778966155,0.02404232252199905
apparent,1,0.25774219746749694,0.6946868626927245,0.047570939839778364
apparent,0,0.5450564045946117,0.39373141564869074,0.06121217975669763
apparent,1,0.14758415515051931,0.09307769280290626,0.7593381520465744
apparent,1,0.26178032328234263,0.7189114672774289,0.019308209440228447
apparent,2,0.4273055882433322,0.12636187418709802,0.4463325375695697
apparent,1,0.32768163935489125,0.6489593017655787,0.023359058879529986
apparent,1,0.22970800884901169,0.6756289850151871,0.09466300613580113
apparent,0,0.9260936521878375,0.07124901789882856,0.0026573299133341136
apparent,1,0.07273819256483555,0.906877477605088,0.020384329830076597
apparent,2,0.24642719943509475,0.14298100213686563,0.6105917984280398
apparent,0,0.6747663552291198,0.30078236016663046,0.024451284604249675
apparent,0,0.221747421062791,0.7334580918958931,0.044794487041316076
apparent,0,0.3951805453045659,0.3341491558148101,0.2706702988806241
apparent,0,0.6722405839008949,0.24595305843029003,0.08180635766881503
apparent,0,0.6002379835379122,0.352116061613802,0.047645954848285585
apparent,1,0.43471022486851885,0.5608267388955686,0.004463036235912699
apparent,1,0.28662155690674473,0.6686989275869683,0.04467951550628701
apparent,1,0.11270395414788262,0.7118569693361785,0.17543907651593893
apparent,2,0.0744319912678505,0.5048854697133733,0.42068253901877595
apparent,1,0.08187871154968054,0.4453248326473436,0.47279645580297613
apparent,0,0.48679658477244486,0.49123917332512834,0.021964241902426816
apparent,1,0.4189169253055754,0.49748347414250726,0.08359960055191731
apparent,1,0.30323856736940946,0.6633928255358537,0.03336860709473694
apparent,1,0.6145807644660085,0.35787770135917746,0.027541534174814048
apparent,0,0.6934708417833598,0.2901481025479418,0.016381055668698317
apparent,2,0.11958181743405276,0.11982491490534142,0.7605932676606058
apparent,1,0.5475729090057728,0.4151401771252138,0.03728691386901362
apparent,0,0.0861650161596578,0.12031426895060884,0.7935207148897333
apparent,0,0.7196472691940449,0.2680004992073113,0.012352231598643787
apparent,2,0.20606225515454013,0.20966111888735756,0.5842766259581024
apparent,1,0.20753135328278263,0.7305668644259391,0.0619017822912782
apparent,0,0.6568050242519858,0.3301483937858959,0.013046581962118359
apparent,1,0.1677760125948857,0.8254267880213542,0.006797199383760126
apparent,0,0.3067525219662468,0.6863888721537474,0.0068586058800057985
apparent,1,0.6329105287305524,0.32308489046771166,0.04400458080173584
apparent,1,0.17074555799667882,0.7767754921469734,0.05247894985634773
apparent,0,0.4137297134549291,0.1922638909822134,0.3940063955628575
apparent,2,0.10355603585433955,0.16943889145183835,0.727005072693822
apparent,1,0.4519837609461635,0.4846650593915718,0.06335117966226475
apparent,1,0.5056949094346186,0.459640927893341,0.03466416267204025
apparent,1,0.3804261577093767,0.34325779395371847,0.2763160483369049
apparent,0,0.6257957230089498,0.364528109650113,0.009676167340937248
apparent,1,0.3267437443125478,0.5424486943645046,0.13080756132294752
apparent,1,0.6361287304978654,0.3447550111577641,0.019116258344370453
apparent,0,0.21952883664329087,0.19118720009018006,0.589283963266529
apparent,0,0.38527369702926906,0.5989668745526306,0.015759428418100407
apparent,1,0.16430639371020778,0.7768228127437824,0.058870793546009825
apparent,0,0.47085696258369997,0.4872934412895731,0.04184959612672684
apparent,0,0.6967937856560085,0.29334896244977826,0.009857251894213303
apparent,1,0.5940401074268455,0.36552819057266844,0.04043170200048625
apparent,0,0.26616255090097946,0.6879243928394227,0.04591305625959768
apparent,2,0.6297284729385739,0.2694277101260418,0.10084381693538447
apparent,0,0.9418591067566684,0.0373436762649656,0.020797216978365833
apparent,1,0.09999615535010553,0.8751590959962744,0.02484474865361994
apparent,1,0.7203340238854072,0.2714073663686569,0.008258609745935903
apparent,1,0.5074768658750292,0.3227402498244829,0.169782884300488
apparent,1,0.32442382951185644,0.6478192420793484,0.027756928408795085
apparent,1,0.2851017806557832,0.6582876640830919,0.056610555261125
apparent,2,0.37693727451753706,0.19364819013251033,0.4294145353499526
apparent,0,0.26027268000166714,0.7054726217142666,0.03425469828406626
apparent,0,0.5559916972682852,0.2957885330330616,0.14821976969865316
apparent,1,0.22259898279611706,0.7411232683253581,0.03627774887852479
apparent,0,0.20804932980726237,0.7371547314102089,0.05479593878252871
apparent,1,0.19706827847748834,0.7294017979953374,0.07352992352717427
apparent,0,0.7405981406991116,0.25046822520177314,0.008933634099115292
apparent,1,0.18183958872361836,0.7620735180033896,0.056086893272992135
apparent,1,0.6586928734079808,0.32989756824197486,0.011409558350044282
apparent,2,0.12533491732555607,0.13546648631335145,0.7391985963610924
apparent,1,0.4020861393711307,0.5896427782081322,0.008271082420737173
apparent,1,0.6132926097681601,0.3427014577110307,0.04400593252080928
apparent,0,0.4561934378910982,0.1763043463382902,0.3675022157706117
apparent,1,0.18922806610442588,0.7598309204338506,0.0509410134617236
apparent,0,0.5964640801196028,0.3844615290029645,0.019074390877432776
apparent,1,0.2538228708014751,0.7021648529426366,0.04401227625588829
apparent,1,0.6212247226315215,0.3556041298943537,0.023171147474124697
apparent,1,0.34816926637693385,0.6432473442442563,0.00858338937880991
apparent,1,0.2227778751757344,0.7436209480103017,0.033601176813963865
apparent,0,0.7707273866320093,0.22374962867273732,0.00552298469525349
apparent,1,0.5902609495062965,0.39631125054746236,0.013427799946241176
apparent,0,0.5303293459991953,0.41245228366095665,0.05721837033984804
apparent,1,0.5806702405652346,0.3999696933586051,0.019360066076160132
apparent,1,0.203729674995805,0.7046527634103605,0.09161756159383447
apparent,2,0.049797677430120244,0.923963488815352,0.026238833754527718
apparent,1,0.27985621463504856,0.7024170855604386,0.017726699804512948
apparent,1,0.229276760030178,0.7503608298976794,0.020362410072142633
apparent,1,0.17778020779482065,0.7906145009014001,0.03160529130377933
apparent,1,0.630609546270543,0.342913097094386,0.02647735663507102
apparent,1,0.2560661611949563,0.7042553659996618,0.03967847280538189
apparent,0,0.5761589171284138,0.2281159994995615,0.1957250833720248
apparent,1,0.2607642779986049,0.7300138537657753,0.00922186823561987
apparent,1,0.33546338164430345,0.6434786952981579,0.0210579230575385
apparent,1,0.5030628707279491,0.45565497395719506,0.041282155314855684
apparent,1,0.16008177805499066,0.7997138684594814,0.040204353485527845
apparent,0,0.6376878682929691,0.3134420777845855,0.0488700539224454
apparent,2,0.3657621018196861,0.19972557180566533,0.4345123263746484
apparent,0,0.6535767519636383,0.3322359377348062,0.014187310301555501
apparent,0,0.9208013355304392,0.07521763632523254,0.0039810281443283975
apparent,1,0.2110774199347575,0.7622319210828696,0.026690658982372873
apparent,0,0.668878628910583,0.3005768963660603,0.03054447472335668
apparent,0,0.4733494952957747,0.43354750677952136,0.09310299792470395
apparent,0,0.6923125146732537,0.2847473429981343,0.022940142328612027
apparent,0,0.019410790948185905,0.9561580565825739,0.024431152469240318
apparent,1,0.4395006653903077,0.49280338718282757,0.06769594742686472
apparent,1,0.3139330030003821,0.6616790010513532,0.024387995948264674
apparent,0,0.9273390394543821,0.06931372022587899,0.0033472403197389216
apparent,1,0.27170233561869256,0.7136136876595617,0.01468397672174584
apparent,1,0.1851671541954381,0.7802081418336593,0.03462470397090272
apparent,0,0.6918851172065257,0.29043446706082016,0.01768041573265413
apparent,2,0.24467787256471346,0.11440259083972289,0.6409195365955636
apparent,0,0.40035774815497743,0.14090918558715876,0.45873306625786386
apparent,0,0.5434232594829798,0.4381932851464085,0.01838345537061169
apparent,1,0.5652041808048983,0.33612720636965954,0.09866861282544204
apparent,1,0.4958522653126078,0.4734413727016415,0.030706361985750698
apparent,0,0.6780694958549102,0.30697965547575545,0.014950848669334372
apparent,2,0.11260985169185775,0.0824119208227835,0.8049782274853587
apparent,1,0.27713796383001227,0.7103476176306909,0.012514418539296746
apparent,1,0.5055935482007521,0.47958315042777355,0.014823301371474262
apparent,1,0.5458037734093878,0.41607022804324256,0.03812599854736959
apparent,0,0.682248521714396,0.2973570861393046,0.02039439214629941
apparent,0,0.2864145249496989,0.6713499240089968,0.04223555104130422
apparent,1,0.23951582680320294,0.6852529090409234,0.07523126415587361
apparent,0,0.6755830738242334,0.31370409797231885,0.010712828203447666
apparent,0,0.6556049833228829,0.330924009123888,0.01347100755322902
apparent,1,0.34449990100941136,0.4751111205718269,0.18038897841876173
apparent,2,0.47826511334002875,0.3949809240222478,0.12675396263772334
apparent,0,0.6105246021727435,0.3650075949850756,0.024467802842180777
apparent,0,0.8916997296862498,0.09180008279763666,0.016500187516113436
apparent,1,0.08396935254114989,0.893094712967207,0.02293593449164303
apparent,0,0.7720258811317889,0.19602692776089384,0.03194719110731731
apparent,1,0.13820543352546802,0.7516663981160353,0.11012816835849659
apparent,1,0.6524234062293559,0.32036121682629504,0.02721537694434905
apparent,1,0.5464326186591242,0.4260287601914151,0.02753862114946066
apparent,1,0.43442785221178976,0.5081739961552622,0.05739815163294817
apparent,1,0.5483212092440609,0.42627925021677865,0.02539954053916063
apparent,0,0.648967899887362,0.28677647028175146,0.06425562983088642
apparent,1,0.2525016200831019,0.7293363238754165,0.018162056041481807
apparent,1,0.36976519644681344,0.6057961464382937,0.02443865711489283
apparent,1,0.274863433906432,0.7179502683893516,0.007186297704216199
apparent,1,0.37137471818030243,0.6006270518937222,0.02799822992597521
apparent,1,0.1372670547583425,0.7759043370852299,0.08682860815642755
apparent,1,0.5644065748428839,0.4123871673833023,0.023206257773813948
apparent,0,0.342411416739159,0.4646027127139384,0.1929858705469028
apparent,0,0.6640803638040558,0.31411603345477024,0.021803602741174044
apparent,0,0.3657083274857389,0.6194838391118619,0.014807833402399107
apparent,1,0.31186963083921293,0.6825963165550302,0.005534052605756813
apparent,1,0.23620765539070937,0.7397479331246648,0.024044411484625716
apparent,1,0.5639179853167638,0.42282576789404464,0.013256246789191531
apparent,0,0.47005570449442935,0.5244882277844163,0.005456067721154428
apparent,1,0.6800675376107129,0.30458739564175785,0.015345066747529213
apparent,0,0.7505984035684895,0.23939484927537363,0.01000674715613685
apparent,0,0.22731757709425135,0.39888783745654616,0.3737945854492025
apparent,1,0.5833621983036789,0.39461408031742673,0.022023721378894322
apparent,2,0.4083289169266281,0.19794466442760986,0.393726418645762
apparent,0,0.3527337602029903,0.6402928075145288,0.006973432282480779
apparent,0,0.7133940888582784,0.1723561927146584,0.11424971842706344
apparent,2,0.4296874709911845,0.26885531685512354,0.301457212153692
apparent,0,0.32750507181129723,0.6527134833623695,0.019781444826333372
apparent,1,0.2823737638548897,0.6843449155887829,0.033281320556327494
apparent,1,0.6025277707176759,0.26906405712220216,0.12840817216012207
apparent,2,0.04987302759671583,0.04782415145590945,0.902302820947375
apparent,1,0.5324978430744495,0.4335551364118337,0.03394702051371694
apparent,2,0.4287091175842638,0.19272025406013568,0.3785706283556005
apparent,1,0.29173013066944986,0.422341124846382,0.28592874448416805
apparent,0,0.3352444428643827,0.6496297817267206,0.015125775408896511
apparent,0,0.7134895809299096,0.10663219086650133,0.17987822820358892
apparent,1,0.2447576904228778,0.7414704664179026,0.013771843159219688
apparent,0,0.6747367312200161,0.26581976640761645,0.059443502372367285
apparent,0,0.6421783246413388,0.25687204872463154,0.10094962663402962
apparent,0,0.5315846251869846,0.4423593068899053,0.026056067923109986
apparent,0,0.9591434863680469,0.03770173778752733,0.003154775844426027
apparent,0,0.48410298027426035,0.4894802104361752,0.026416809289564518
apparent,1,0.5537493505582882,0.42371015185465266,0.022540497587059276
apparent,1,0.29044033431034266,0.7000490530228564,0.009510612666800913
apparent,0,0.692855029705888,0.28872848071606655,0.018416489578045373
apparent,2,0.12246156134422699,0.08825434337428056,0.7892840952814925
apparent,2,0.21598676710141557,0.13066365547843684,0.6533495774201477
apparent,0,0.8766696012474473,0.10524587706872382,0.01808452168382905
apparent,2,0.27192184744177944,0.3021619958372537,0.425916156720967
apparent,0,0.5943174716368538,0.2804939616356079,0.12518856672753828
apparent,0,0.7086419965413864,0.2848192441358609,0.006538759322752776
apparent,0,0.573977556532353,0.4035811656377103,0.022441277829936736
apparent,2,0.14582076508845446,0.19533122349334647,0.6588480114181989
apparent,0,0.30263830050576324,0.6770371228246683,0.020324576669568436
apparent,0,0.325986660455806,0.6672385051630374,0.006774834381156544
apparent,0,0.20464897496519593,0.75133014187761,0.04402088315719397
apparent,1,0.4051235136480228,0.5673905971068715,0.02748588924510569
apparent,0,0.5513965070449401,0.32594127907466497,0.12266221388039493
apparent,0,0.6710057302721052,0.3140032313804279,0.014991038347466812
apparent,1,0.6749739631245724,0.3024350372155213,0.02259099965990636
apparent,1,0.2917029443959238,0.6765066640196992,0.03179039158437697
apparent,2,0.32867620595019986,0.13838623910479225,0.5329375549450078
apparent,0,0.6853344711868614,0.2145453192341867,0.100120209578952
apparent,0,0.30708389441006256,0.6847142962609358,0.008201809329001615
apparent,0,0.6971848625647763,0.29114741222893303,0.011667725206290556
apparent,2,0.0916480602653655,0.08832770706369387,0.8200242326709407
apparent,0,0.6097766443264481,0.3286301398229684,0.06159321585058366
apparent,2,0.6563251879176724,0.2527066329916731,0.0909681790906546
apparent,1,0.30991140194370703,0.6698938238423156,0.020194774213977407
apparent,1,0.5963963763290747,0.3732544357266088,0.030349187944316496
apparent,0,0.4444101116297029,0.3903693556643006,0.1652205327059964
apparent,1,0.6787566397223574,0.30701618665107455,0.014227173626568067
apparent,0,0.6486528971487676,0.3293545024967587,0.021992600354473656
apparent,1,0.4946041535895568,0.4654595373571734,0.03993630905326974
apparent,1,0.6791733832228155,0.3032429321934095,0.017583684583774968
apparent,1,0.5857670935925424,0.3842780567722195,0.02995484963523809
apparent,1,0.1814894734650312,0.7968563186998865,0.021654207835082265
apparent,1,0.33267075740130275,0.6618799894652883,0.005449253133409007
apparent,1,0.6145052424728256,0.31747399370595153,0.06802076382122291
apparent,0,0.6323949733389111,0.3194737305868157,0.048131296074273286
apparent,0,0.6096602638015428,0.21104094502525045,0.1792987911732068
apparent,0,0.5376853360632707,0.4434664788636146,0.018848185073114584
apparent,0,0.4387645419521805,0.5550418666099518,0.006193591437867692
apparent,0,0.7579383199121237,0.1793734867309176,0.06268819335695876
apparent,2,0.08234171783984255,0.22713541954982577,0.6905228626103318
apparent,1,0.630215210667459,0.35892034534817596,0.010864443984364995
apparent,0,0.7060180386137392,0.2770079447612888,0.01697401662497198
apparent,0,0.6641494723942387,0.2058035008907507,0.13004702671501076
apparent,1,0.4165829731063127,0.5394873707403681,0.04392965615331921
apparent,0,0.46241895680128203,0.5299066495805251,0.007674393618192772
apparent,0,0.658433700704449,0.32277601427364483,0.018790285021906203
apparent,1,0.47556159538440423,0.49673720915331954,0.027701195462276264
apparent,0,0.5192225132430257,0.42540240821677955,0.05537507854019471
apparent,1,0.7167885175402856,0.23351911343037995,0.04969236902933435
apparent,0,0.7450215571892652,0.2488293795510105,0.006149063259724375
apparent,1,0.23462343678403497,0.7256572853387471,0.03971927787721812
apparent,1,0.3011187470795997,0.6251509848452452,0.073730268075155
apparent,1,0.49373543440094886,0.474990315440046,0.03127425015900511
apparent,1,0.6051677934006686,0.380341296446573,0.01449091015275838
apparent,0,0.5894729738663663,0.1918748360101436,0.21865219012348996
apparent,2,0.14868360622894594,0.18355898307713922,0.6677574106939149
apparent,2,0.22275677302941813,0.23456974806949177,0.5426734789010902
apparent,1,0.351091052587321,0.578450380221277,0.07045856719140206
apparent,0,0.6470261234302017,0.3320307975493404,0.0209430790204578
apparent,0,0.40908288307098734,0.5793327079783352,0.011584408950677442
apparent,0,0.5428531101256294,0.3157825148406232,0.1413643750337473
apparent,1,0.560612293488367,0.42053482546720133,0.018852881044431783
apparent,0,0.9232585770850772,0.07090268189489227,0.005838741020030502
apparent,1,0.3657731277019489,0.6301471790732454,0.004079693224805833
apparent,0,0.6970519510736424,0.2882207452194777,0.014727303706880069
apparent,0,0.6393654869786736,0.346117050608099,0.014517462413227444
apparent,0,0.474212413900581,0.40383449935162874,0.12195308674779035
apparent,0,0.6987557030761135,0.28641510181494917,0.014829195108937435
apparent,0,0.7514985229208186,0.23441829120692853,0.014083185872252888
apparent,0,0.6834618903146776,0.3031374913021303,0.01340061838319197
apparent,0,0.68759504594031,0.23068624715233188,0.08171870690735819
apparent,1,0.15441938561864937,0.7762312082906376,0.0693494060907131
apparent,2,0.28096869343485725,0.4265446745714147,0.292486631993728
apparent,2,0.0787353150506036,0.06452577682796641,0.8567389081214299
apparent,1,0.2575908609285166,0.7137480032859678,0.028661135785515778
apparent,1,0.4289766972752737,0.5663968399888646,0.004626462735861802
apparent,2,0.22470601367703846,0.7050517045792846,0.07024228174367708
apparent,0,0.520446934403205,0.3504272868194824,0.1291257787773124
apparent,2,0.366886641422196,0.23415919832061557,0.39895416025718844
apparent,1,0.33510166525320084,0.6259044577770765,0.03899387696972271
apparent,1,0.24839022675076977,0.7093469933639966,0.04226277988523361
apparent,2,0.24710899754639812,0.18929812332940227,0.5635928791241995
apparent,0,0.6785261279588897,0.3020917497739385,0.019382122267172036
apparent,2,0.18517590955791316,0.243696000881525,0.5711280895605617
apparent,1,0.545048749546687,0.3905525272037876,0.06439872324952547
apparent,1,0.6956717703027855,0.293565272090324,0.01076295760689046
apparent,0,0.7796800324030746,0.20853311796036267,0.011786849636562726
apparent,0,0.9348864010079904,0.06217273881564498,0.002940860176364777
apparent,0,0.7545079801016177,0.23472344688907434,0.010768573009308072
apparent,1,0.2909160653140938,0.14354765294744554,0.5655362817384606
apparent,0,0.9093518573846419,0.08622660712823484,0.004421535487123199
apparent,1,0.15618372461847005,0.7411441163945629,0.102672158986967
apparent,1,0.49006551971903123,0.49534961303766867,0.01458486724330022
apparent,0,0.621893924939965,0.3641944311261257,0.013911643933909253
apparent,0,0.6848444648543426,0.301769576823108,0.013385958322549513
apparent,0,0.2657801349186884,0.3905686140199903,0.3436512510613212
apparent,1,0.34839495470337517,0.6405735577356619,0.0110314875609629
apparent,0,0.4084568632349922,0.5820544605755756,0.009488676189432079
apparent,0,0.6495267354520877,0.32404556157215036,0.026427702975761948
apparent,0,0.7483002439506601,0.19269998329081672,0.058999772758523195
apparent,1,0.22469723500580488,0.5396300346984936,0.23567273029570152
apparent,1,0.2543276413636793,0.703662749027666,0.04200960960865483
apparent,1,0.552494198223056,0.4059817217561899,0.04152408002075399
apparent,0,0.579649148222208,0.39456944510371894,0.025781406674072978
apparent,0,0.40228305910694295,0.5600683010003408,0.037648639892716204
apparent,0,0.6164917068674322,0.3526207030827277,0.030887590049840208
apparent,0,0.714319126179022,0.2754911557802336,0.010189718040744474
apparent,2,0.04772340346261365,0.09741043431112831,0.854866162226258
apparent,1,0.37040456838616076,0.6256146244208924,0.003980807192946903
apparent,2,0.24775268845857296,0.4094950641654451,0.34275224737598187
apparent,2,0.12445316453719273,0.19799096354893658,0.6775558719138707
apparent,0,0.6388408801666292,0.334536933334792,0.02662218649857869
apparent,0,0.6966069239878416,0.28577921925041644,0.017613856761741913
apparent,1,0.38410189696758557,0.47477654571049044,0.14112155732192405
apparent,1,0.2657700246845599,0.7225800611417011,0.011649914173738929
apparent,0,0.4291793670575131,0.18514825929461537,0.38567237364787166
apparent,1,0.21808796129173702,0.6991024308838544,0.08280960782440853
apparent,0,0.637681226782494,0.3374767599446762,0.02484201327282969
apparent,2,0.10955005052465824,0.08994436449860758,0.8005055849767342
apparent,1,0.044101272968352666,0.934836747726066,0.021061979305581634
apparent,1,0.5886133142219202,0.3629961898104288,0.04839049596765103
apparent,0,0.7222913556878742,0.27055109925759074,0.007157545054535107
apparent,1,0.27855612773368166,0.5317806259825788,0.18966324628373957
apparent,0,0.7710532726623638,0.1846722405610285,0.04427448677660793
apparent,0,0.39911390150122006,0.5852099048161103,0.01567619368266943
apparent,2,0.02756711231136335,0.017289155556149703,0.955143732132487
apparent,1,0.6011596725194347,0.3736581775900736,0.025182149890491744
apparent,2,0.1091322919284999,0.04813029650252274,0.8427374115689773
apparent,0,0.7101939648182746,0.26815473957165514,0.021651295610070342
apparent,1,0.4705119210852916,0.4923090195745695,0.03717905934013879
apparent,0,0.5903442855455984,0.39345207908538593,0.016203635369015708
apparent,0,0.29453347626672777,0.6936530032536622,0.01181352047961004
apparent,0,0.5609056098640586,0.405156843819347,0.03393754631659423
apparent,1,0.3950666420508902,0.5916808903166697,0.013252467632440104
apparent,0,0.7167632481537004,0.2709390266621502,0.012297725184149406
apparent,2,0.17425398358882274,0.16572064062731134,0.6600253757838661
apparent,2,0.24245816243407575,0.2746642444996669,0.4828775930662574
apparent,1,0.21267608328613816,0.7700925089581896,0.017231407755672185
apparent,1,0.4643951924906552,0.5015669771745784,0.034037830334766345
apparent,0,0.40347587316527755,0.584540255989118,0.01198387084560444
apparent,1,0.2945491192946489,0.6977047949384171,0.0077460857669339935
apparent,0,0.7531453466883173,0.2101408454229015,0.036713807888781154
apparent,1,0.2801353928939788,0.6883130531887403,0.031551553917280754
apparent,1,0.4166674409560902,0.5778103468834157,0.0055222121604941695
apparent,0,0.6739476567945688,0.30872191937147514,0.017330423833955964
apparent,1,0.6126300064186099,0.3751035575937219,0.012266435987668139
apparent,1,0.3454340268051721,0.5878242721173303,0.06674170107749752
apparent,1,0.12147862186979148,0.8579194709579427,0.020601907172265694
apparent,0,0.5403215851010128,0.4091897000227644,0.05048871487622282
apparent,1,0.07217391147606576,0.6722780534373514,0.25554803508658297
apparent,0,0.7195659562089423,0.27012246164460996,0.01031158214644765
apparent,0,0.5562730666557391,0.27230395280188224,0.17142298054237864
apparent,2,0.2211746728105552,0.29648331543359163,0.4823420117558531
apparent,0,0.6935900791820976,0.28445710822128306,0.021952812596619402
apparent,1,0.21059516258614347,0.7540499334586356,0.03535490395522094
apparent,0,0.7632710872425528,0.228643233662745,0.008085679094702347
apparent,2,0.6514370903726034,0.267834750734697,0.08072815889269964
apparent,2,0.3285349444734852,0.19901439584587471,0.47245065968064004
apparent,1,0.5620720137393409,0.42184193311801954,0.016086053142639563
apparent,0,0.7542713243133476,0.23159596455553472,0.01413271113111772
apparent,1,0.45491561785492196,0.50794601855811,0.037138363586968225
apparent,1,0.20947087038330076,0.7638887163491477,0.026640413267551438
apparent,1,0.2675845551106172,0.6653194515114647,0.06709599337791827
apparent,1,0.16437813129342976,0.796076903237777,0.03954496546879331
apparent,0,0.5981989751624075,0.3840814815884893,0.01771954324910311
apparent,1,0.14586766699912576,0.8150373685639506,0.03909496443692341
apparent,0,0.7482894360382877,0.24145186127282542,0.010258702688887029
apparent,1,0.7572961223538185,0.22539768142152544,0.017306196224656064
apparent,0,0.7009970588134034,0.28741673741449314,0.011586203772103612
apparent,1,0.12459254292810899,0.8675082818970401,0.007899175174850814
apparent,2,0.2843047752041823,0.3135670272899329,0.4021281975058848
apparent,2,0.49162204833358497,0.3833271998334278,0.1250507518329873
apparent,0,0.646646668824645,0.2691039244143376,0.0842494067610172
apparent,1,0.16587805654769816,0.787639053479419,0.0464828899728829
apparent,1,0.06685253140117361,0.9219454179709066,0.011202050627919747
apparent,1,0.38367025465104315,0.3552932381160433,0.2610365072329135
apparent,1,0.4333655567952671,0.23501840574661048,0.33161603745812246
apparent,0,0.7739866633333577,0.21435409481898843,0.01165924184765387
apparent,1,0.45273941877250223,0.30076645333262053,0.2464941278948774
apparent,1,0.2059139627907988,0.7117723258849658,0.08231371132423557
apparent,1,0.328646742289298,0.6371397766594304,0.0342134810512715
apparent,1,0.39684909627486253,0.539965749782615,0.06318515394252218
apparent,1,0.28343803395341927,0.6882726601816344,0.028289305864946317
apparent,1,0.6664968626718296,0.3191524394159996,0.014350697912170701
apparent,0,0.7424893962191794,0.2064897700854079,0.05102083369541256
apparent,0,0.7115750364641891,0.2694123935421642,0.0190125699936467
apparent,0,0.2559955810468574,0.7158387014608258,0.028165717492316646
apparent,0,0.7570946042690083,0.2363850049433292,0.006520390787662557
apparent,1,0.6871013479223793,0.29264370413941965,0.020254947938201043
apparent,2,0.30722429531867906,0.2543597001348442,0.4384160045464768
apparent,0,0.6749839636429462,0.30392515050798286,0.02109088584907109
apparent,1,0.46143117619940516,0.3055262107160651,0.23304261308452978
apparent,0,0.7393100308850393,0.2522900006575895,0.008399968457371301
apparent,1,0.2895260161907459,0.6931885497855037,0.017285434023750264
apparent,0,0.6679098444229001,0.21489049345715278,0.11719966211994728
apparent,1,0.6872475391019377,0.2971888677175073,0.01556359318055501
apparent,1,0.4881153600606824,0.3929280260703213,0.11895661386899614
apparent,0,0.2831363929309282,0.7070643693654374,0.009799237703634587
apparent,1,0.7098570585422855,0.27879114628124163,0.01135179517647297
apparent,0,0.33278593173122134,0.6075077086542311,0.059706359614547476
apparent,1,0.4416590109918822,0.47524608170215615,0.08309490730596177
apparent,0,0.6210658259035335,0.3508519039765411,0.028082270119925378
apparent,0,0.2981167526486245,0.6680708880000259,0.033812359351349616
apparent,2,0.6223524607818691,0.35766850045008747,0.01997903876804323
apparent,0,0.5588157705349948,0.23667533766104804,0.20450889180395704
apparent,1,0.21317271628658516,0.7821770276652964,0.004650256048118387
apparent,2,0.4627833399742728,0.1978679818634062,0.33934867816232106
apparent,2,0.06628907529689917,0.05210009439054507,0.8816108303125558
apparent,0,0.6991061900304001,0.2765655625293349,0.02432824744026496
apparent,2,0.06471336514723836,0.03166633062140561,0.9036203042313561
apparent,1,0.3639199982755573,0.6255301088900267,0.010549892834416149
apparent,1,0.17246176332343566,0.798612674302922,0.028925562373642265
apparent,1,0.10798220115627866,0.8609251182931962,0.03109268055052507
apparent,0,0.40376997038394896,0.589339303877407,0.006890725738644058
apparent,1,0.1433490313315295,0.7926622311470897,0.0639887375213809
apparent,1,0.11784708021131689,0.8726010336175675,0.009551886171115655
apparent,1,0.7103977806254369,0.2789225276722784,0.01067969170228472
apparent,0,0.5969485688419772,0.2992700429411784,0.10378138821684424
apparent,1,0.6854833146795303,0.2614481562161271,0.05306852910434255
apparent,0,0.6743275323397444,0.3050888019949272,0.020583665665328262
apparent,1,0.32842015174838274,0.620460993506286,0.0511188547453313
apparent,1,0.4711352528864139,0.44484044466302947,0.08402430245055652
apparent,0,0.7486822426434321,0.1966472106728107,0.054670546683757315
apparent,1,0.72816886182025,0.26384210560274507,0.00798903257700484
apparent,1,0.293742685719582,0.6956577913989835,0.010599522881434635
apparent,0,0.5133532701752913,0.4189202610873745,0.06772646873733398
apparent,0,0.6403926163251612,0.34615941469891276,0.013447968975926006
apparent,2,0.20949206952898872,0.11905192884042211,0.6714560016305892
apparent,0,0.2585709272093827,0.608306041810638,0.1331230309799793
apparent,0,0.7304534786417606,0.2143816824084303,0.05516483894980908
apparent,1,0.6323651336110565,0.33870368516170773,0.028931181227235793
apparent,0,0.6195510824823163,0.35373298826789135,0.02671592924979239
apparent,1,0.32165857822969596,0.625057830580894,0.05328359118941008
apparent,1,0.7200960475762475,0.2674705673221676,0.012433385101584914
apparent,0,0.20681250484566277,0.7898438487060794,0.00334364644825792
apparent,1,0.24128877152564127,0.6240092806679302,0.1347019478064286
apparent,0,0.7005725722587652,0.28778762846035,0.011639799280884686
apparent,2,0.021417360484037563,0.019871369271158564,0.9587112702448038
apparent,0,0.6985797304505501,0.28964081837176076,0.011779451177689018
apparent,2,0.1987279019182225,0.19888327847588902,0.6023888196058884
apparent,1,0.209231565695812,0.723810852166622,0.06695758213756611
apparent,0,0.5109206740952656,0.39897121545246045,0.09010811045227404
apparent,0,0.6382906832125845,0.34468136594809307,0.017027950839322317
apparent,1,0.24096964472373408,0.25748066723165863,0.5015496880446072
apparent,1,0.693258973687074,0.29236656362267766,0.014374462690248191
apparent,1,0.7823835805898158,0.20231633893607218,0.015300080474111957
apparent,1,0.6729615721220352,0.31297198668326404,0.014066441194700699
apparent,0,0.6909020289762439,0.2935519971048954,0.015545973918860635
apparent,1,0.3278628298186869,0.6551198158233618,0.017017354357951216
apparent,1,0.6691268936186496,0.21739119704016371,0.1134819093411866
apparent,0,0.7018871142725172,0.2883153888366015,0.009797496890881184
apparent,0,0.3521622263784246,0.6332960607589317,0.014541712862643701
apparent,1,0.7172046446794507,0.26998483870459294,0.012810516615956344
apparent,1,0.671642341575305,0.2502808460240856,0.07807681240060958
apparent,2,0.26473015061957955,0.27083590708065974,0.4644339422997608
apparent,2,0.03168121463402653,0.03544194295265058,0.9328768424133228
apparent,0,0.6808243842007018,0.29069385007083254,0.028481765728465676
apparent,0,0.708931215516489,0.27697534955190406,0.01409343493160703
apparent,1,0.48336076133218586,0.3157870908651048,0.2008521478027093
apparent,1,0.06413673061395848,0.8491805885572921,0.08668268082874936
apparent,2,0.08687908013542708,0.10451709143441228,0.8086038284301607
apparent,0,0.5986076239814351,0.24492207399114427,0.1564703020274206
apparent,1,0.6581758005305978,0.32497455460370384,0.01684964486569835
apparent,0,0.6675683855227904,0.3218046046776342,0.010627009799575534
apparent,0,0.22816331620659125,0.7111538912252954,0.060682792568113285
apparent,1,0.629240947277173,0.35133626086539604,0.019422791857431093
apparent,1,0.4239547192298632,0.4874039364407948,0.08864134432934198
apparent,1,0.4026687098129306,0.5863879117008834,0.01094337848618573
apparent,1,0.2948069945499507,0.6654416592831792,0.0397513461668702
apparent,1,0.2121729690124056,0.7726794237041139,0.015147607283480358
apparent,1,0.6187046270139154,0.36302794342814526,0.01826742955793921
apparent,0,0.7606505972384688,0.21740546188799184,0.0219439408735393
apparent,0,0.5740460883084129,0.3730831606984234,0.05287075099316378
apparent,1,0.035951076284904446,0.926981065711891,0.03706785800320465
apparent,1,0.4011786353256805,0.5938135870695811,0.005007777604738339
apparent,2,0.2072045239812895,0.7110687953836743,0.08172668063503633
apparent,0,0.6626456333195165,0.32443908367184965,0.012915283008633757
apparent,0,0.5016516181039984,0.2772284828304617,0.22111989906553994
apparent,0,0.693762744235829,0.2905711508261699,0.015666104938001243
apparent,0,0.5881925751870825,0.3971475315900826,0.014659893222835013
apparent,0,0.6840806636645017,0.3035901673453267,0.012329168990171778
apparent,1,0.28650186918914555,0.6899846844002402,0.023513446410614185
apparent,1,0.2840493610056973,0.687219453773447,0.028731185220855698
apparent,0,0.6764264282841458,0.30751460673157216,0.01605896498428212
apparent,0,0.6630476263741942,0.32392239355947744,0.013029980066328436
apparent,1,0.3266797683024541,0.6500536309152941,0.02326660078225179
apparent,0,0.6663245417026751,0.29253367487516185,0.041141783422163083
apparent,2,0.5242630893074967,0.24753513603968158,0.22820177465282185
apparent,0,0.653985355654481,0.32602569883357113,0.019988945511947805
apparent,1,0.32736776317571536,0.5518993284238215,0.12073290840046302
apparent,1,0.6607575969972443,0.324943979234541,0.014298423768214686
apparent,0,0.35058445337984756,0.15692543528066324,0.4924901113394891
apparent,0,0.5650214822493129,0.3881704758611494,0.046808041889537716
apparent,1,0.5436603640543198,0.4324252877389644,0.02391434820671575
apparent,0,0.6601762491125722,0.3076374396407032,0.032186311246724414
apparent,1,0.38902003265449075,0.6035417935721793,0.007438173773329844
apparent,2,0.3266815297202559,0.2591547186568944,0.41416375162284985
apparent,0,0.713563274212408,0.2724703935097882,0.013966332277803856
apparent,0,0.7536092465609711,0.22780506251258945,0.01858569092643957
apparent,2,0.12812090099890316,0.07819153928176413,0.7936875597193326
apparent,2,0.017764620457292504,0.008569263963771653,0.9736661155789357
apparent,1,0.22740638367627702,0.7330906673991934,0.03950294892452967
apparent,1,0.24546502608658366,0.6881984981118079,0.06633647580160862
apparent,0,0.6509195655445978,0.316289848172163,0.03279058628323913
apparent,0,0.750077746386524,0.21928713398334915,0.030635119630126755
apparent,1,0.18359263058967915,0.7935279644392133,0.022879404971107475
apparent,1,0.29227485678678705,0.6302812779920824,0.07744386522113053
apparent,0,0.6123159676635956,0.368612052271199,0.01907198006520527
apparent,2,0.3435624826060574,0.26989739267669893,0.38654012471724364
apparent,0,0.5807656606556337,0.39493027853866425,0.024304060805702025
apparent,1,0.3126782960653685,0.6511079179838924,0.036213785950739194
apparent,0,0.3832873090092719,0.4864660074022907,0.1302466835884374
apparent,1,0.6994255573817494,0.2818293441006045,0.018745098517646254
apparent,1,0.4273202072984043,0.5125827673128139,0.06009702538878166
apparent,0,0.4230627120904019,0.39496328070828224,0.1819740072013159
apparent,1,0.29890917485330765,0.6786564988461199,0.02243432630057231
apparent,1,0.20419203133860303,0.728149294983981,0.06765867367741604
apparent,0,0.7025276275218266,0.28564804535200244,0.01182432712617076
apparent,0,0.6561063196066454,0.32859823697883345,0.015295443414521081
apparent,1,0.3511108889428949,0.637037405531893,0.011851705525212251
apparent,1,0.22141992122300863,0.6461297623775577,0.13245031639943367
apparent,1,0.21969898721769038,0.7650322109988461,0.015268801783463543
apparent,1,0.6301488044657214,0.3402241173107052,0.029627078223573237
apparent,0,0.6803652664700598,0.3024035083668531,0.017231225163086988
apparent,1,0.48938111169384146,0.44843845036093877,0.062180437945219845
apparent,1,0.49911352010101745,0.4872021192256427,0.013684360673339908
apparent,2,0.17524889265787205,0.10239710362606207,0.7223540037160658
apparent,1,0.4841275877818637,0.4650719708487741,0.05080044136936236
apparent,1,0.27618620915374525,0.6819889417114579,0.04182484913479695
apparent,1,0.44460091641259625,0.5503334909175478,0.005065592669856098
apparent,1,0.39044425759010776,0.5968244985332256,0.01273124387666677
apparent,1,0.5146262125217109,0.4770789494394074,0.00829483803888172
apparent,1,0.32530072215957345,0.6536246614265727,0.021074616413853726
apparent,1,0.24921354087551312,0.6866265286461642,0.06415993047832266
apparent,1,0.6014228893641024,0.38564047826014186,0.012936632375755815
apparent,0,0.6998789839839661,0.29169313067122793,0.008427885344805848
apparent,0,0.6773822081892666,0.299491053863218,0.023126737947515266
apparent,0,0.6419713204500559,0.34492547916404775,0.013103200385896241
apparent,1,0.5455250849804448,0.3944463567896531,0.060028558229901954
apparent,0,0.7241306606363869,0.26706995145352014,0.008799387910093144
apparent,1,0.6083340517341453,0.376217054714729,0.01544889355112565
apparent,1,0.5613860662631435,0.423324338778317,0.015289594958539581
apparent,1,0.6466465313287635,0.29235847827032935,0.060994990400907
apparent,1,0.36517847279326643,0.6272147113032348,0.007606815903498672
apparent,1,0.3297848067362262,0.3302820904091405,0.3399331028546334
apparent,1,0.6225269807658138,0.3634940399204011,0.013978979313785092
apparent,1,0.18696456065732164,0.7896440313142236,0.023391408028454696
apparent,0,0.7568589189971615,0.21882663350612877,0.02431444749670985
apparent,0,0.6165044088889323,0.2617502895123047,0.12174530159876303
apparent,0,0.6608126336612996,0.3234495345391325,0.015737831799567913
apparent,0,0.6706107703634077,0.310930145073569,0.018459084563023465
apparent,1,0.24705117849864594,0.7150189675541068,0.037929853947247356
apparent,0,0.640902287990329,0.34350578890700156,0.015591923102669242
apparent,0,0.606494463166681,0.2492684703757138,0.14423706645760523
apparent,1,0.549256497400808,0.42192994090460473,0.028813561694587285
apparent,1,0.2828274769218685,0.693508840684166,0.023663682393965487
apparent,0,0.7551125130894831,0.23585278136679988,0.009034705543717134
apparent,0,0.5698989010440096,0.4027338143067752,0.027367284649215052
apparent,0,0.7379162967451962,0.25464644432517936,0.007437258929624284
apparent,2,0.02964076502033618,0.026421327788506817,0.9439379071911571
apparent,1,0.40172629967000084,0.5924751234972051,0.005798576832793804
apparent,1,0.4075582811238271,0.5861599900381441,0.006281728838028767
apparent,2,0.15557579050955417,0.11980824745048413,0.7246159620399617
apparent,0,0.501473102252924,0.425422178320736,0.07310471942634
apparent,2,0.1904071906213527,0.045832431374935034,0.7637603780037123
apparent,1,0.37510148302298063,0.6102751468734889,0.014623370103530275
apparent,1,0.5407501808760545,0.3939646071556381,0.06528521196830725
apparent,0,0.4302551791420658,0.5626976150132278,0.007047205844706489
apparent,1,0.7482575201382979,0.24387259160195124,0.00786988825975064
apparent,0,0.7008902751306879,0.28520980442404237,0.013899920445269826
apparent,1,0.5291501229895925,0.3779513047707168,0.09289857223969074
apparent,0,0.7570119273901519,0.21948227971223688,0.023505792897611212
apparent,0,0.5679661862013641,0.41882161923525113,0.013212194563384835
apparent,1,0.2179563265755336,0.764151379102856,0.017892294321610276
apparent,1,0.6790413978664548,0.3082469731940076,0.01271162893953776
apparent,2,0.33509880829586686,0.29937400526291197,0.3655271864412212
apparent,0,0.7330900578026939,0.2582989780482552,0.008610964149050729
apparent,0,0.5641877495956058,0.4119651741614807,0.023847076242913472
apparent,0,0.36720351097825404,0.6022464944865147,0.030549994535231266
apparent,0,0.24936842912029059,0.7345889547083685,0.01604261617134099
apparent,1,0.5144220325213105,0.46592614527564075,0.019651822203048668
apparent,1,0.1698583232255084,0.7946985303121361,0.0354431464623555
apparent,0,0.6548241972627233,0.32620440085765534,0.0189714018796213
apparent,1,0.19484289225177376,0.7519256052183031,0.053231502529923126
apparent,1,0.16506983304831588,0.7863933388715174,0.04853682808016667
apparent,0,0.6271450403157977,0.2768064315358088,0.0960485281483939
apparent,1,0.22432763388323199,0.7625464696779021,0.013125896438866002
apparent,0,0.5310959776035643,0.2752559386240907,0.19364808377234483
apparent,0,0.4495998517796319,0.5449171943838688,0.005482953836499226
apparent,2,0.026477467699486244,0.051601175687587576,0.9219213566129263
apparent,0,0.3888606560808368,0.6060228816430654,0.005116462276097547
apparent,2,0.5273536226413447,0.2722243612255492,0.20042201613310612
apparent,0,0.5808339436748884,0.395906013695899,0.0232600426292127
apparent,0,0.734684999881883,0.2591088195680478,0.006206180550069011
apparent,0,0.5322967840456543,0.43106666945495287,0.036636546499392846
apparent,1,0.39909391081154755,0.5225064870557489,0.07839960213270357
apparent,0,0.42504787613959394,0.45251875635952726,0.12243336750087866
apparent,1,0.6792819063771118,0.25367370223112473,0.06704439139176364
apparent,1,0.2091234313735074,0.46335205820718767,0.327524510419305
apparent,1,0.22913490978148662,0.7577050770907325,0.013160013127780746
apparent,1,0.25272945979828565,0.7374814976863279,0.009789042515386617
apparent,1,0.3057458929624894,0.6344521111638451,0.0598019958736654
apparent,2,0.4105014521661233,0.2702872366274055,0.3192113112064711
apparent,0,0.8063101669328686,0.18570039153384266,0.007989441533288871
apparent,0,0.7787340477733619,0.19711640491651455,0.02414954731012383
apparent,2,0.17105307249344656,0.04336212011169826,0.7855848073948553
apparent,1,0.21625392673263177,0.7635274066653277,0.020218666602040587
apparent,1,0.19684525333769348,0.7379102602284636,0.06524448643384298
apparent,0,0.5535881334850308,0.3329942200044498,0.11341764651051953
apparent,0,0.6358399246466795,0.3270449849078204,0.037115090445499974
apparent,1,0.3325538458030323,0.6374577628984387,0.029988391298528948
apparent,0,0.3669878845420227,0.30399850371159426,0.32901361174638305
apparent,0,0.6921500910755022,0.28949228916030717,0.018357619764190713
apparent,1,0.6401787288250201,0.332369637896594,0.02745163327838588
apparent,0,0.6719288033982422,0.3075348177707899,0.020536378830967653
apparent,2,0.25306164693521643,0.20146757125049963,0.5454707818142838
apparent,2,0.5460333847894209,0.24296194750006786,0.21100466771051124
apparent,0,0.7227014404322606,0.26971120248858244,0.007587357079156924
apparent,0,0.7445465248425418,0.24903107920230724,0.0064223959551510095
apparent,2,0.5628538168731917,0.1911846492252468,0.24596153390156156
apparent,0,0.447079565015165,0.42585588751176184,0.12706454747307322
apparent,1,0.4720862670592295,0.4999163563373208,0.02799737660344976
apparent,0,0.6315161422598868,0.3552336586067174,0.013250199133395684
apparent,0,0.5677956511617717,0.29654794044416555,0.1356564083940628
apparent,0,0.7454350412793824,0.24339152758668572,0.011173431133931796
apparent,1,0.681424712079309,0.3019267247182855,0.0166485632024054
apparent,1,0.12612197002115294,0.8234157195806237,0.050462310398223395
apparent,0,0.6191864125881493,0.3438103651933188,0.03700322221853177
apparent,1,0.5973616777123729,0.2691969267359676,0.1334413955516595
apparent,1,0.09459481390270594,0.8723631630143351,0.033042023082958956
apparent,0,0.557566518945605,0.3913463638585566,0.051087117195838305
apparent,2,0.5088299298564665,0.3834993046547893,0.10767076548874428
apparent,0,0.6597573085881898,0.26155147852198335,0.07869121288982686
apparent,0,0.16130098787550895,0.7801250766838845,0.058573935440606614
apparent,0,0.32223665183047623,0.6671415016145547,0.010621846554968933
apparent,0,0.7432821049422976,0.2472663111139662,0.009451583943736047
apparent,0,0.7199340104398441,0.2722799641134336,0.007786025446722263
apparent,0,0.3353243517310203,0.6262997581368077,0.03837589013217219
apparent,0,0.7092975043035683,0.2793318795366899,0.011370616159741675
apparent,0,0.40156102653673126,0.5154059581887133,0.0830330152745554
apparent,0,0.5737600024988824,0.4085477947204034,0.017692202780714202
apparent,0,0.2837687669568598,0.6843986826872052,0.031832550355935005
apparent,0,0.41765507780255157,0.1883959083634338,0.3939490138340147
apparent,1,0.6057806501635172,0.3690208444743047,0.025198505362178165
apparent,1,0.5353255146482063,0.2223332028275229,0.24234128252427073
apparent,1,0.43808784029662196,0.5576979784332748,0.0042141812701032505
apparent,1,0.7116465068835115,0.2775708922624598,0.010782600854028752
apparent,0,0.6773898026361586,0.30877427580234906,0.013835921561492288
apparent,0,0.7334367170597332,0.2611461032749669,0.005417179665299997
apparent,0,0.2876362058527013,0.7105886935419131,0.0017751006053856318
apparent,2,0.2375013923026529,0.26786987262592354,0.4946287350714237
apparent,0,0.5788838496571727,0.27444188030319,0.1466742700396373
apparent,0,0.26436945946325563,0.6421961178323358,0.09343442270440863
apparent,0,0.23259491521670897,0.6633354698018741,0.10406961498141702
apparent,0,0.2521332902242342,0.7445202427023038,0.00334646707346202
apparent,2,0.2636769186354058,0.310927708546771,0.42539537281782336
apparent,0,0.6754850158837633,0.31007863966103694,0.014436344455199993
apparent,1,0.6670886447343,0.3136909990698827,0.01922035619581742
apparent,0,0.2634844988350854,0.7016485372340309,0.03486696393088354
apparent,2,0.69528743490951,0.27371815135347277,0.03099441373701715
apparent,1,0.30669139027267667,0.6188059077748268,0.07450270195249661
apparent,1,0.3349558527821667,0.6542117849178172,0.010832362300016166
apparent,1,0.7265790738104646,0.19356218006316422,0.07985874612637132
apparent,1,0.2953537168257706,0.6812932926214039,0.023352990552825633
apparent,1,0.3202443657584631,0.6634827421090136,0.016272892132523236
apparent,0,0.6809951374409107,0.30370680238325776,0.015298060175831607
apparent,0,0.7275914724495879,0.2633988963082585,0.009009631242153739
apparent,0,0.49295017462574586,0.49029079120771735,0.01675903416653687
apparent,1,0.26567654082154013,0.7253382703870797,0.008985188791380262
apparent,1,0.43350809080661323,0.5080240786485091,0.0584678305448777
apparent,0,0.7301193862453157,0.2631636142841196,0.006716999470564528
apparent,1,0.6229676147520488,0.34067077748396973,0.0363616077639816
apparent,1,0.6425632160345505,0.3427652749827104,0.014671508982739109
apparent,0,0.43565329285139925,0.4863817626995871,0.07796494444901356
apparent,2,0.439006905762914,0.21480188313836787,0.3461912110987181
apparent,0,0.656658690618204,0.2707091204326595,0.07263218894913631
apparent,0,0.36413612098041676,0.5661940553809379,0.06966982363864538
apparent,1,0.4353305360040607,0.4367150170722704,0.12795444692366886
apparent,1,0.41401640037883103,0.578436150104413,0.007547449516756018
apparent,2,0.31267331825753447,0.26884117392845563,0.4184855078140098
apparent,1,0.6155672631148816,0.36870106911117506,0.015731667773943265
apparent,1,0.13159836730820934,0.7905858336102141,0.07781579908157651
apparent,1,0.2459231693589592,0.7186401679323805,0.0354366627086603
apparent,0,0.7160800564794816,0.24049752225726334,0.04342242126325497
apparent,1,0.7262581138118325,0.2617713644702202,0.011970521717947434
apparent,0,0.588068908479567,0.381079990615134,0.030851100905298967
apparent,0,0.5514364913479725,0.3962289827940956,0.052334525857932024
apparent,1,0.678170200527292,0.3080072456783887,0.013822553794319445
apparent,0,0.5670603159887568,0.28854198458436153,0.14439769942688158
apparent,1,0.4193514088746594,0.4048916396806842,0.17575695144465647
apparent,1,0.17700184990357187,0.812369840565743,0.010628309530685115
apparent,0,0.7925247475460782,0.20165290482821682,0.005822347625705026
apparent,0,0.6658306279594413,0.25178530972857166,0.082384062311987
apparent,1,0.41728685511121616,0.45378438306368984,0.128928761825094
apparent,0,0.3130452502498983,0.6733561463226312,0.013598603427470313
apparent,0,0.7425780258941113,0.24991999053743252,0.007501983568456337
apparent,0,0.5534545446618174,0.40497420489386105,0.041571250444321604
apparent,1,0.2316464165980409,0.748827209692524,0.019526373709434948
apparent,2,0.1736319871374327,0.6637422717963691,0.16262574106619826
apparent,1,0.17205816142131553,0.7834888032238635,0.04445303535482081
apparent,0,0.6470622039934568,0.33280940380815205,0.020128392198391135
apparent,1,0.4534682413121255,0.5428969302044884,0.003634828483386111
apparent,0,0.6029231313594531,0.25932662961383424,0.13775023902671285
apparent,0,0.7201181208382568,0.2711943032740686,0.008687575887674773
apparent,0,0.6987794309047972,0.28755118522853096,0.0136693838666716
apparent,0,0.5681578390158996,0.38441013174869526,0.04743202923540521
apparent,0,0.19461322807606168,0.7532458789261368,0.052140892997801266
apparent,0,0.5404617720879628,0.24207865892739694,0.21745956898464028
apparent,1,0.478568895211259,0.3950102840371805,0.12642082075156033
apparent,0,0.8003634322147402,0.19214643626592826,0.007490131519331311
apparent,1,0.28695293146446726,0.6843694689257472,0.028677599609785547
apparent,2,0.24385774597316448,0.18774395474899555,0.5683982992778399
apparent,1,0.23790744999861252,0.7100064269982219,0.052086123003165494
apparent,1,0.24668294278642855,0.7161432930800676,0.03717376413350387
apparent,0,0.7018140573113713,0.1993446374762164,0.09884130521241245
apparent,1,0.2552419095013865,0.7121593583437097,0.03259873215490398
apparent,0,0.6223095179685403,0.23683894066324745,0.14085154136821235
apparent,1,0.402847860001976,0.5928902499434687,0.004261890054555196
apparent,0,0.27871685222955567,0.6952301504145058,0.026052997355938544
apparent,0,0.5429979770944096,0.4431747384702859,0.013827284435304565
apparent,0,0.5060318582376687,0.453024597152348,0.040943544609983284
apparent,0,0.6544936174099861,0.33075740979894264,0.014748972791071218
apparent,0,0.5692912094000571,0.27309819898444754,0.15761059161549548
apparent,0,0.5924843373719872,0.3458617736991236,0.061653888928889275
apparent,0,0.5928288207282078,0.22081055291530363,0.18636062635648878
apparent,1,0.7008367454503076,0.2909753040822071,0.008187950467485265
apparent,0,0.29521810759096434,0.6606323185250123,0.04414957388402343
apparent,2,0.29833379164596396,0.19967662639755784,0.5019895819564781
apparent,1,0.23749631760208462,0.7265469452269977,0.03595673717091778
apparent,0,0.7519644195103378,0.23501158413929563,0.013023996350366626
apparent,0,0.7148504481835848,0.27357097108518796,0.011578580731227221
apparent,1,0.5063221460001295,0.46484667133778307,0.028831182662087416
apparent,2,0.30506690089960226,0.6751424798942157,0.01979061920618207
apparent,0,0.5928051862214876,0.3791707904441392,0.028024023334373132
apparent,0,0.6862932782519546,0.3072152723997274,0.006491449348318029
apparent,1,0.31638847366115186,0.6624609990064017,0.021150527332446403
apparent,0,0.7107188863285899,0.27428229703316254,0.014998816638247519
apparent,0,0.49715151172257566,0.220165399845566,0.2826830884318583
apparent,0,0.5958677783530946,0.3835718841523942,0.02056033749451123
apparent,1,0.4810129392253725,0.46441091244257154,0.05457614833205593
apparent,2,0.0203500358831164,0.5372748813478758,0.4423750827690077
apparent,0,0.16205584606227635,0.5925603038437843,0.24538385009393923
apparent,0,0.3577705287148161,0.6385854038757862,0.003644067409397599
apparent,0,0.5298640439854815,0.44815145805298595,0.02198449796153249
apparent,0,0.5181391671091543,0.4575130158431606,0.02434781704768515
apparent,1,0.3567270596468744,0.6295925944671871,0.013680345885938685
apparent,1,0.5754281290248587,0.40228092696330087,0.022290944011840466
apparent,0,0.3179704431661862,0.6724905987916475,0.0095389580421663
apparent,0,0.6146323016261289,0.24550342895293326,0.1398642694209379
apparent,0,0.7197770370878638,0.27226239379988904,0.007960569112247167
apparent,0,0.5618130341177506,0.2912941998900185,0.1468927659922309
apparent,1,0.14750380162799392,0.7878071547563231,0.06468904361568296
apparent,0,0.6229672100401717,0.3531439105854792,0.023888879374348998
apparent,0,0.36080863538649544,0.6279754162938352,0.011215948319669392
apparent,0,0.766519351479519,0.22610649656007978,0.007374151960401268
apparent,0,0.7023710622784461,0.2628227205007429,0.03480621722081096
apparent,0,0.6862933654869705,0.3050385112339057,0.008668123279123903
apparent,1,0.33169744898337955,0.6559705248412275,0.012332026175393059
apparent,1,0.27229352387363914,0.7179537854767054,0.009752690649655569
apparent,0,0.6982102724733532,0.17870387173830127,0.12308585578834563
apparent,1,0.2715672870919466,0.7007050274997076,0.027727685408345616
apparent,0,0.5197605165831767,0.24471668390229007,0.2355227995145332
apparent,0,0.6129678158417282,0.3647819087398779,0.022250275418393875
apparent,0,0.6611164485166748,0.2706539308162799,0.06822962066704534
apparent,0,0.726441988295719,0.20747562763003607,0.06608238407424505
apparent,1,0.4543378223208091,0.5388290323815352,0.0068331452976557894
apparent,1,0.2978558725049355,0.6944237974701879,0.007720330024876557
apparent,0,0.32016553569622164,0.1922296391678187,0.4876048251359597
apparent,0,0.6339159808095941,0.23142640364483955,0.1346576155455663
apparent,1,0.23237462131984085,0.7503074587454186,0.017317919934740512
apparent,1,0.3214279278962474,0.28724851702205567,0.3913235550816968
apparent,1,0.4895441213199626,0.442350700463986,0.0681051782160516
apparent,0,0.6834030383822007,0.22623108161520017,0.09036588000259914
apparent,0,0.5416316030441576,0.41181702704553313,0.046551369910309295
apparent,1,0.236382348628565,0.755793534075708,0.007824117295726922
apparent,2,0.16297783012487738,0.12072694076122717,0.7162952291138954
apparent,0,0.7137081779003348,0.2628384808972376,0.023453341202427487
apparent,1,0.42814818884825623,0.5307937992573626,0.0410580118943812
apparent,1,0.2754686554504906,0.7116935715205611,0.012837773028948327
apparent,0,0.5291267086242796,0.42448313706407037,0.04639015431165015
apparent,0,0.5417702225895934,0.413284083065404,0.044945694345002625
apparent,0,0.6835572015400917,0.3057344362526265,0.010708362207281929
apparent,1,0.4046247587072487,0.5871585502826591,0.008216691010092533
apparent,0,0.7095902375731777,0.2773190730966434,0.013090689330178951
apparent,2,0.40841973620403005,0.27748006643742495,0.31410019735854483
apparent,0,0.419826214431226,0.5739996169426156,0.006174168626158462
apparent,0,0.6993864155663901,0.2875690794891824,0.013044504944427566
apparent,0,0.6474638893759829,0.33213538140182647,0.020400729222190467
apparent,0,0.5836172172561971,0.38077271541087043,0.035610067332932344
apparent,0,0.6562240405484604,0.32791111162087927,0.015864847830660313
apparent,1,0.17795247930148847,0.783566843628545,0.03848067706996664
apparent,0,0.6806346390072096,0.28712375427985715,0.032241606712933274
apparent,0,0.6459032767417552,0.2239627288444317,0.13013399441381332
apparent,2,0.1873151383690273,0.15942620164826998,0.6532586599827027
apparent,1,0.4556554673395213,0.5005611866267949,0.04378334603368382
apparent,0,0.6710925865346371,0.3145150876627215,0.014392325802641373
apparent,0,0.3153741254184833,0.6531791743220641,0.03144670025945252
apparent,0,0.8219995326501344,0.1745267560252759,0.0034737113245896694
apparent,2,0.10967268765479501,0.14040530610083163,0.7499220062443733
apparent,0,0.6909211183749245,0.2967245982288761,0.012354283396199322
apparent,1,0.5832886555524385,0.3592985183383567,0.057412826109204826
apparent,0,0.31717198920702794,0.6745797731352112,0.008248237657760721
apparent,1,0.6229095496716984,0.2601688427499206,0.11692160757838108
apparent,0,0.7789662944232715,0.2073104261093271,0.013723279467401308
apparent,2,0.49299859824222103,0.3888778768394584,0.11812352491832037
apparent,1,0.21497607298451943,0.752534972558558,0.032488954456922695
apparent,0,0.652000473357475,0.32677590756707137,0.0212236190754536
apparent,0,0.6678562079035151,0.3099074996938505,0.022236292402634496
apparent,1,0.37185789626482557,0.596519030118845,0.03162307361632945
apparent,0,0.7127105279512223,0.2762196706865623,0.01106980136221554
apparent,0,0.7054229096625596,0.28418008478653706,0.010397005550903362
apparent,0,0.680352544983002,0.2975381828401908,0.02210927217680718
apparent,0,0.642982362830892,0.33255650745915294,0.024461129709955072
apparent,0,0.3314034840024724,0.5817179584454153,0.08687855755211234
apparent,1,0.32708486835853573,0.6606767073460482,0.012238424295416075
apparent,0,0.6545197242228669,0.3312891339807328,0.01419114179640035
apparent,1,0.801416873555981,0.19087559799055748,0.007707528453461794
apparent,0,0.7162340704548973,0.27536432566322255,0.008401603881880281
apparent,0,0.7469062535249147,0.2457344041809859,0.0073593422940993695
apparent,0,0.6745844714224104,0.3063562124205062,0.019059316157083513
apparent,0,0.6411597636213476,0.3271107329697148,0.03172950340893764
apparent,1,0.2657235340241353,0.6609713759066457,0.07330509006921912
apparent,0,0.513983058078807,0.45399224571473873,0.032024696206454074
apparent,1,0.7055710659775831,0.2857547901202594,0.0086741439021575
apparent,0,0.476956623246223,0.516431661238917,0.0066117155148599175
apparent,1,0.7249345801033436,0.26576247748425696,0.00930294241239936
apparent,0,0.6281822592000108,0.34918069601413027,0.022637044785858908
apparent,1,0.5956691986385865,0.3742293934823186,0.030101407879094915
apparent,0,0.33227082069999997,0.6590802433690145,0.008648935930985587
apparent,2,0.5032231721785505,0.32061281085232946,0.17616401696912018
apparent,0,0.7420875879566294,0.25127258874850167,0.006639823294869104
apparent,0,0.5447181722777757,0.21798623698983452,0.23729559073238976
apparent,0,0.7683396869016685,0.21712655037587117,0.014533762722460297
apparent,0,0.7962407298891959,0.19484218012164753,0.008917089989156645
apparent,0,0.3372779012590867,0.6484353671079843,0.014286731632929001
apparent,0,0.37983928457236704,0.5975668907941246,0.02259382463350816
apparent,1,0.7265050202787355,0.2651180816756119,0.008376898045652616
apparent,1,0.27440696885260085,0.696292824998986,0.029300206148413204
apparent,0,0.47029673810164485,0.508830754145746,0.020872507752609317
apparent,1,0.16872217363323327,0.7815043667999025,0.049773459566864145
apparent,0,0.4565467494161967,0.265448380744709,0.27800486983909434
apparent,0,0.7131695636955978,0.2765998230181551,0.01023061328624712
apparent,1,0.674097229126465,0.316002189674491,0.009900581199043943
apparent,0,0.65408264278683,0.3037892665123894,0.04212809070078057
apparent,0,0.7290851115075107,0.2626065849940568,0.00830830349843242
apparent,0,0.4417361754670539,0.5530822271332428,0.00518159739970349
apparent,1,0.23681214960669736,0.7271220208196241,0.036065829573678494
apparent,1,0.17468588243042082,0.7985733931589112,0.02674072441066818
apparent,0,0.7604456936454068,0.22666229222734016,0.01289201412725278
apparent,0,0.763126744168688,0.22669504185177178,0.010178213979540291
apparent,1,0.3642681348489892,0.6289534295349684,0.006778435616042614
apparent,0,0.5884223425081502,0.37281143933486777,0.03876621815698213
apparent,0,0.6272597592339947,0.34995595799822654,0.022784282767778597
apparent,0,0.6554469135479527,0.32495564505896135,0.019597441393085977
apparent,1,0.7754337994068787,0.21677022778881733,0.0077959728043039455
apparent,0,0.6919677281946403,0.2893582698996546,0.018674001905705322
apparent,1,0.47475466074210876,0.4911504327866676,0.03409490647122359
apparent,0,0.8102501745863595,0.1832022731278731,0.00654755228576723
apparent,0,0.7087142034129916,0.2804743214316427,0.010811475155365638
apparent,0,0.6893141128390691,0.3027551023085238,0.007930784852407077
apparent,0,0.7081926379590966,0.2858320716810899,0.0059752903598135985
apparent,0,0.7033760128723351,0.2615639344002405,0.03506005272742436
apparent,1,0.5574217077042739,0.27806319459900286,0.16451509769672318
apparent,0,0.6931775523277868,0.2983660603154096,0.008456387356803735
apparent,1,0.377692324611739,0.6141906478930904,0.008117027495170528
apparent,1,0.23833970850727915,0.7342945391720613,0.027365752320659492
apparent,0,0.6023690890711614,0.38312025164063057,0.014510659288207989
apparent,1,0.1840292754481191,0.7757033163619191,0.040267408189961704
apparent,1,0.8010290764962784,0.19018702561216622,0.008783897891555524
apparent,0,0.1758360908966504,0.03197421006494523,0.7921896990384044
apparent,0,0.6303219409911855,0.3534023143290393,0.01627574467977531
apparent,0,0.08821213129652547,0.30733013550600313,0.6044577331974714
apparent,1,0.44469299076833313,0.4639336807360592,0.09137332849560775
apparent,0,0.6811171255809121,0.29988774759284353,0.01899512682624438
apparent,0,0.6621071610869919,0.3249231702359816,0.012969668677026498
apparent,0,0.7065125728352775,0.28479902862215833,0.008688398542564323
apparent,0,0.6140688565865349,0.276302362544512,0.10962878086895311
apparent,1,0.19384279445342878,0.7500746323704122,0.05608257317615909
apparent,0,0.4804606161475989,0.4962015131493656,0.023337870703035467
apparent,1,0.714379487256865,0.2763791677345214,0.009241345008613589
apparent,0,0.1882044730430216,0.7395295019843402,0.07226602497263813
apparent,0,0.5380982635189505,0.4059708786368623,0.05593085784418713
apparent,2,0.43897676432918437,0.34326355342389137,0.2177596822469244
apparent,0,0.7153320192907243,0.23275719092716723,0.051910789782108425
apparent,0,0.9082341405691219,0.08366842695876844,0.00809743247210969
apparent,1,0.21950668094960085,0.768500160771584,0.011993158278815268
apparent,1,0.7651272375709419,0.23067605361031768,0.0041967088187404205
apparent,1,0.31563623656396517,0.6712114128846199,0.01315235055141487
apparent,1,0.6440711519524396,0.3492229341669189,0.006705913880641524
apparent,0,0.6580040761361107,0.24345643360193855,0.09853949026195086
apparent,2,0.36337587545176525,0.509882915427167,0.12674120912106773
apparent,1,0.6544881326321041,0.3314461327975283,0.01406573457036753
apparent,0,0.5854584829592494,0.3693992522872861,0.045142264753464514
apparent,0,0.6823295093258797,0.3039415241670295,0.013728966507090764
apparent,0,0.5911252217433175,0.37854026504328636,0.030334513213396152
apparent,0,0.6672867789475615,0.3205073649131271,0.012205856139311463
apparent,0,0.4708682891218328,0.32131004937362306,0.20782166150454406
apparent,0,0.5628461678480926,0.4066700682269556,0.03048376392495175
apparent,2,0.0716195720278566,0.054560148727371104,0.8738202792447725
apparent,1,0.40983812010030923,0.47214283489219333,0.11801904500749738
apparent,0,0.39005846015975987,0.6062966204213219,0.0036449194189181557
apparent,0,0.6101235473859492,0.29999740756541915,0.08987904504863169
apparent,1,0.7790599697479996,0.20703997748678488,0.013900052765215411
apparent,0,0.6923576290134005,0.3019081661362087,0.005734204850390801
apparent,1,0.3109337615697127,0.6794928736187544,0.009573364811532889
apparent,0,0.6323871017485213,0.21857015616630723,0.14904274208517146
apparent,1,0.667581867690855,0.3166382989392031,0.015779833369941973
apparent,0,0.761408193020036,0.2232868325956611,0.015304974384302953
apparent,0,0.25944445836933966,0.4303037977371994,0.3102517438934609
apparent,1,0.6870356125586272,0.297905016819142,0.0150593706222307
apparent,0,0.7274091365000427,0.25820131896491744,0.014389544535039874
apparent,1,0.7125891904783371,0.2744950005089985,0.012915809012664512
apparent,1,0.6836898251254973,0.2919711752079702,0.02433899966653235
apparent,1,0.6729115188652884,0.31308187490191364,0.01400660623279803
apparent,0,0.6758947886078885,0.3157486157738957,0.008356595618216032
apparent,0,0.06356939521450954,0.087702632845066,0.8487279719404246
apparent,1,0.7550459092636321,0.23888810730264382,0.006065983433724055
apparent,0,0.5969207812327196,0.28377710802440576,0.11930211074287453
apparent,1,0.05470661425407782,0.926610914126314,0.01868247161960807
apparent,0,0.5982945758655933,0.3739423271951276,0.027763096939279093
apparent,1,0.7161815518690646,0.27566395177906833,0.00815449635186692
apparent,0,0.3478445158321957,0.6411092698125413,0.01104621435526296
apparent,1,0.2623597570289137,0.10088250053384143,0.6367577424372448
apparent,1,0.10683836827657922,0.12364494666698389,0.7695166850564367
apparent,0,0.6803186533048087,0.3126020073950016,0.007079339300189653
apparent,1,0.7120072402205857,0.27246117853278246,0.015531581246631898
apparent,1,0.47098831258890517,0.5261897705419685,0.0028219168691262504
apparent,1,0.6730390003901834,0.31209687218029675,0.014864127429519813
apparent,0,0.6726572685899368,0.1971413342717499,0.13020139713831333
apparent,1,0.5089418153374197,0.30755459903046845,0.18350358563211197
apparent,0,0.6291727913706043,0.3388825538950576,0.031944654734338156
apparent,1,0.4943294034478966,0.48306731697410565,0.022603279577997674
apparent,0,0.6113427980099904,0.35692268693617685,0.031734515053832776
apparent,0,0.7056960447077307,0.28506148811903664,0.009242467173232776
apparent,1,0.37818187905002315,0.4320442844055523,0.1897738365444246
apparent,0,0.48538332869137585,0.4714268167516825,0.04318985455694167
apparent,1,0.66205993897903,0.32525000618024275,0.012690054840727143
apparent,2,0.2890686733678268,0.2043730187852048,0.5065583078469683
apparent,1,0.5970869028603605,0.2710455085725824,0.1318675885670571
apparent,0,0.6022755128660611,0.3754284195236405,0.02229606761029862
apparent,1,0.41483787728116905,0.5089907270347253,0.07617139568410584
apparent,1,0.6089422213892001,0.3414348576329404,0.04962292097785948
apparent,0,0.5203154432961499,0.45214497672830467,0.027539579975545587
apparent,0,0.5811896989057976,0.40371505629229354,0.015095244801908833
apparent,0,0.5948162259906028,0.3897980447698159,0.015385729239581295
apparent,0,0.7213582460436705,0.2679825167770482,0.010659237179281317
apparent,1,0.166848468636916,0.7973986614361771,0.03575286992690695
apparent,1,0.41513922860829117,0.29033954062032075,0.29452123077138814
apparent,2,0.17583141734567914,0.08092972824616182,0.743238854408159
apparent,0,0.3830870774718412,0.6118164880357703,0.00509643449238859
apparent,0,0.71073427784856,0.2794336250373327,0.009832097114107246
apparent,0,0.6352164716581187,0.27771295741520935,0.08707057092667206
apparent,1,0.2981999589482317,0.6321546866962038,0.06964535435556443
apparent,1,0.4971343477018417,0.4776020201541532,0.02526363214400506
apparent,0,0.5798894536774952,0.30094759870961946,0.11916294761288519
apparent,0,0.6902901102040138,0.29752180128997346,0.01218808850601279
apparent,2,0.4356260018671102,0.2516517770219549,0.3127222211109348
apparent,0,0.5905166257363774,0.27785621242671893,0.13162716183690365
apparent,0,0.6855737673414165,0.21089697210095254,0.10352926055763112
apparent,2,0.0884744510966722,0.04307897821380301,0.8684465706895248
apparent,1,0.2860965577351069,0.7045443760895491,0.009359066175343985
apparent,2,0.14658606358599563,0.218779984270815,0.6346339521431894
apparent,0,0.5064453159783757,0.30678072582166505,0.18677395819995918
apparent,1,0.6349695152212629,0.3494123976445417,0.01561808713419537
apparent,0,0.06304476479964423,0.045002361877231514,0.8919528733231242
apparent,2,0.3142930749292493,0.152825544672199,0.5328813803985517
apparent,1,0.4731099840407135,0.44884083067768277,0.07804918528160373
apparent,1,0.29581170958689657,0.6939213859032651,0.01026690450983832
apparent,0,0.5549860800001675,0.3114809870449552,0.1335329329548774
apparent,0,0.6222676560448315,0.26301333939527627,0.11471900455989223
apparent,1,0.33157992727861785,0.18664281092851415,0.4817772617928681
apparent,1,0.6214611684243484,0.3465708375843043,0.03196799399134728
apparent,1,0.1753574071259302,0.7876855681957408,0.03695702467832903
apparent,0,0.5384046785897005,0.41930225609101923,0.04229306531928022
apparent,0,0.26662213706812493,0.43049936272304007,0.302878500208835
apparent,2,0.12280666706997993,0.11379650567151436,0.7633968272585057
apparent,1,0.28433645397836177,0.6987874431469635,0.016876102874674746
apparent,0,0.016156535511896712,0.9664368193511367,0.01740664513696661
apparent,0,0.3494859938688496,0.6455056031673476,0.005008402963802752
apparent,0,0.5488313319823341,0.29023701678469604,0.16093165123296974
apparent,0,0.671576774283042,0.3101498610168057,0.018273364700152367
apparent,1,0.7266701497138461,0.26165936252757427,0.011670487758579647
apparent,0,0.7388365761032385,0.24444102284319352,0.01672240105356787
apparent,1,0.7136992078176176,0.27549844205877977,0.010802350123602662
apparent,1,0.351412872944709,0.6364019085185095,0.012185218536781579
apparent,0,0.6850434994947528,0.2945051753521405,0.020451325153106704
apparent,0,0.17910645248034515,0.5798224882788593,0.24107105924079564
apparent,0,0.5775039886807996,0.3966175976546078,0.025878413664592537
apparent,0,0.5608147288566101,0.4064655475328352,0.03271972361055471
apparent,0,0.7797288472395816,0.20620721519889534,0.014063937561523182
apparent,0,0.7234628679495417,0.26629449047546483,0.010242641574993501
apparent,1,0.24379879617872818,0.7443877744635617,0.011813429357709992
apparent,0,0.7124460479251113,0.2782855148321296,0.009268437242758984
apparent,1,0.5825714900457494,0.4011356949902911,0.01629281496395945
apparent,1,0.18257140579907852,0.7754947463704179,0.04193384783050346
apparent,0,0.6981539310216655,0.28521857242921056,0.01662749654912391
apparent,1,0.2673657948242655,0.7226174481457063,0.010016757030028118
apparent,1,0.12429310154658146,0.8113206705953999,0.06438622785801867
apparent,0,0.6481427922972411,0.3393424106112047,0.012514797091554166
apparent,1,0.22039967531343269,0.7644620045278556,0.015138320158711829
apparent,0,0.5098307719198674,0.4343780496285933,0.055791178451539324
apparent,0,0.29843195521172844,0.6930796526744252,0.008488392113846454
apparent,1,0.49377251254718535,0.4750798609593265,0.031147626493488196
apparent,0,0.2638618603869135,0.7235195827407688,0.01261855687231756
apparent,0,0.6016489848474633,0.3630690853396381,0.03528192981289867
apparent,1,0.6222876888404267,0.332759562470421,0.044952748689152375
apparent,0,0.23662170742360694,0.7377739217672542,0.025604370809138754
apparent,0,0.29223539785606034,0.6879040502877253,0.019860551856214277
apparent,0,0.2528970756756989,0.24984312049069163,0.49725980383360957
apparent,0,0.18531755461405994,0.7787828374864312,0.03589960789950888
apparent,1,0.40022758630748323,0.5945910281284227,0.005181385564094275
apparent,0,0.3542884934896393,0.6302680986317093,0.015443407878651356
apparent,0,0.5642361810272426,0.3992790768037779,0.03648474216897955
apparent,1,0.25080854031812716,0.7358458681023391,0.013345591579533514
apparent,0,0.7573104599046583,0.2287372352078636,0.013952304887478086
apparent,1,0.18767381460702373,0.7435557858388812,0.06877039955409511
apparent,0,0.7726223947895053,0.22284331211498892,0.004534293095505836
apparent,0,0.6918679837151152,0.2941901692203709,0.013941847064513836
apparent,0,0.3763700965214896,0.6109091458521745,0.012720757626336014
apparent,0,0.691189342928469,0.29515251866586406,0.013658138405667042
apparent,0,0.45730414831373156,0.5383113989929335,0.004384452693335007
apparent,0,0.6813195161546537,0.30410972743507536,0.014570756410270863
apparent,1,0.6089817471170076,0.3608298786102492,0.030188374272743113
apparent,2,0.09434846771775517,0.10668947101210562,0.7989620612701392
apparent,0,0.6371503395972005,0.2701119357988838,0.09273772460391577
apparent,0,0.7401546553915141,0.2499963119117239,0.009849032696761833
apparent,2,0.05405994715409507,0.046653887602161284,0.8992861652437435
apparent,0,0.7843290578237704,0.16835980653815313,0.0473111356380765
apparent,0,0.5228650857660938,0.44368625175932735,0.033448662474578894
apparent,2,0.36265111096694846,0.5004097160930082,0.1369391729400434
apparent,0,0.6285788183322671,0.3654333390012353,0.005987842666497373
apparent,2,0.03704862436656059,0.03474028118949182,0.9282110944439476
apparent,0,0.5488890366791839,0.3407235684681682,0.11038739485264788
apparent,0,0.6297667815402574,0.33781809571092924,0.032415122748813155
apparent,2,0.19064754715489657,0.19025998048306175,0.6190924723620417
apparent,0,0.7023666909607098,0.28498973569822067,0.012643573341069558
apparent,0,0.6196422822681321,0.24367743674539488,0.13668028098647297
apparent,1,0.16423071355931232,0.775605499201528,0.06016378723915977
apparent,0,0.6062338225863864,0.3688116102063088,0.024954567207304677
apparent,0,0.22249170726318987,0.7440500636773719,0.03345822905943815
apparent,1,0.30931941082551945,0.6799511514845428,0.010729437689937673
apparent,1,0.6690453858879148,0.311730784823358,0.019223829288727182
apparent,1,0.2206580855515119,0.7300483665777657,0.0492935478707223
apparent,0,0.6598213359506032,0.3279510992781566,0.012227564771240188
apparent,0,0.5472594530546064,0.3896436359464863,0.06309691099890727
apparent,2,0.6299043861014236,0.232241881750813,0.1378537321477634
apparent,0,0.7040803155151434,0.2848897190241543,0.01102996546070231
apparent,2,0.30154018938358274,0.1913908531097696,0.5070689575066478
apparent,2,0.3515395172126443,0.23533998743753887,0.413120495349817
apparent,0,0.6595701063796741,0.32286215202614393,0.017567741594182052
apparent,0,0.7255723531769658,0.20665997470767516,0.06776767211535902
apparent,0,0.44953028712481446,0.5087283182367502,0.04174139463843518
apparent,0,0.7248375477378579,0.2648831671524744,0.010279285109667819
apparent,1,0.7163800746405282,0.27094122583794417,0.012678699521527522
apparent,1,0.5593838836946021,0.4017376807570015,0.03887843554839632
apparent,1,0.2735256909080944,0.6979385911314686,0.02853571796043717
apparent,0,0.4312172425770903,0.5619330280854133,0.006849729337496282
apparent,0,0.5482854988674418,0.3440706502923493,0.10764385084020892
apparent,0,0.7275291568100428,0.2640163325264185,0.008454510663538795
apparent,0,0.6256464376550319,0.30440376062767693,0.06994980171729123
apparent,0,0.7050609775599015,0.24891280996901877,0.04602621247107977
apparent,0,0.7015333656477887,0.28820914874596626,0.010257485606245318
cv,1,0.7850882480442902,0.20721642623939598,0.0076953257163138765
cv,2,0.2705442150980304,0.2197459139012913,0.5097098710006784
cv,1,0.5143601083578828,0.45924276373503325,0.026397127907084032
cv,1,0.7044018163096368,0.28546476895091677,0.010133414739446529
cv,2,0.738879688702718,0.24620414771413687,0.01491616358314514
cv,1,0.2157503560535583,0.7363797518717348,0.04786989207470681
cv,0,0.5156810309436379,0.3924060560884713,0.09191291296789075
cv,2,0.03300690999602539,0.005461187705063643,0.9615319022989108
cv,0,0.2391157678250811,0.690993052485336,0.06989117968958279
cv,0,0.6363199517806184,0.3532108322250048,0.010469215994376831
cv,1,0.8219020841103124,0.13967893886715063,0.03841897702253704
cv,1,0.30094419451058374,0.6754070964573484,0.023648709032067804
cv,1,0.6895063971279711,0.2940806891285677,0.01641291374346121
cv,0,0.7398863153402531,0.23418113860896633,0.025932546050780693
cv,0,0.7250341600591089,0.2649802701930972,0.009985569747793853
cv,0,0.6041308815383493,0.38150668519969705,0.014362433261953564
cv,2,0.2846817360959658,0.18075892725311107,0.5345593366509231
cv,2,0.31346137326969115,0.10713914502526947,0.5793994817050394
cv,1,0.24358056893630997,0.7326310472822504,0.02378838378143952
cv,1,0.2279732024218633,0.7546307239704059,0.017396073607730864
cv,0,0.6908334481174288,0.17964071142844693,0.12952584045412424
cv,1,0.2550284190410871,0.7161916600412214,0.028779920917691576
cv,1,0.16066727892011587,0.7930969090419284,0.04623581203795566
cv,0,0.7043460239263295,0.2816961322844047,0.013957843789265775
cv,0,0.3809851835672964,0.387724860817747,0.23128995561495652
cv,1,0.16667618086802644,0.791284527922185,0.04203929120978867
cv,1,0.6620285030709913,0.3202439782223994,0.01772751870660924
cv,0,0.539817904052174,0.4270278083605136,0.03315428758731235
cv,1,0.11897794358542173,0.8549386841776876,0.026083372236890678
cv,0,0.3760725334828766,0.6042990641476941,0.019628402369429247
cv,0,0.553604558466756,0.4335961507671663,0.012799290766077684
cv,2,0.3198412513960497,0.08419811956027669,0.5959606290436736
cv,0,0.051989187851412696,0.9127988116853689,0.03521200046321833
cv,1,0.2699899260146071,0.7053346708465279,0.024675403138865067
cv,0,0.6640959428899272,0.32050971821819124,0.01539433889188152
cv,0,0.7865341637521142,0.17731377365266543,0.03615206259522041
cv,0,0.45775874363838387,0.42390776899884486,0.11833348736277131
cv,1,0.22432458082396475,0.7461029113739717,0.029572507802063618
cv,0,0.4106729017555599,0.5781634850050575,0.011163613239382454
cv,1,0.2699437434750231,0.6795135246200937,0.05054273190488323
cv,2,0.33516360107204207,0.23711938885596862,0.42771701007198937
cv,0,0.6770878143677227,0.28895423457805947,0.03395795105421791
cv,1,0.09405227440316076,0.41889810108644243,0.48704962451039674
cv,1,0.7301998657252368,0.258381948414973,0.011418185859790349
cv,1,0.2744451434610306,0.6799070500052673,0.04564780653370206
cv,0,0.7125068839216502,0.2701266421097227,0.017366473968627043
cv,0,0.1971047038932612,0.6309640796063386,0.17193121650040014
cv,0,0.49893189268025023,0.389091354211659,0.11197675310809077
cv,0,0.11915046354780012,0.8764974081332957,0.004352128318904363
cv,1,0.5705154892514523,0.3922175947174322,0.03726691603111545
cv,1,0.33114019802125494,0.5815762142950052,0.08728358768373996
cv,1,0.1823258423331095,0.7956053496709703,0.022068807995920252
cv,2,0.35565216038181285,0.5932887998846156,0.05105903973357164
cv,1,0.31144634557775236,0.6812753162782875,0.007278338143960078
cv,1,0.7389160540341135,0.24179088478565056,0.019293061180235847
cv,0,0.25750300900599804,0.694067567300312,0.0484294236936899
cv,2,0.13768358499907468,0.1003372514958433,0.761979163505082
cv,1,0.15883449438751204,0.04911409730254792,0.7920514083099399
cv,1,0.24588997983451302,0.7198300995152366,0.03427992065025041
cv,1,0.7731010878467247,0.21403822369951264,0.01286068845376268
cv,1,0.1503679866922771,0.8286822614281586,0.020949751879564167
cv,0,0.387305513080954,0.481690047252077,0.13100443966696898
cv,1,0.2799979644987551,0.7067965781322785,0.013205457368966356
cv,2,0.02066329232489933,0.03478945358901599,0.9445472540860846
cv,2,0.2545939280995245,0.16083128447929124,0.5845747874211842
cv,0,0.7090167807018039,0.2786939675183419,0.012289251779854241
cv,2,0.39719284735420235,0.2979569977689485,0.3048501548768491
cv,1,0.4600019478870353,0.5273884400900265,0.0126096120229382
cv,1,0.3174512646976752,0.3126458320838975,0.3699029032184272
cv,0,0.44924735903290725,0.5436269920284033,0.00712564893868955
cv,1,0.027422220686374715,0.9445480582238158,0.028029721089809622
cv,1,0.6272312247464129,0.3618673042978936,0.010901470955693531
cv,0,0.634621130976318,0.24799909181362967,0.11737977721005229
cv,0,0.5701691107691902,0.3268732429534695,0.10295764627734035
cv,1,0.5531596663571835,0.41188703834570084,0.034953295297115605
cv,0,0.49612033950462414,0.45554729450554216,0.04833236598983383
cv,0,0.5937386510104442,0.38978665404159585,0.01647469494795991
cv,2,0.029230680632537843,0.021799818718504293,0.948969500648958
cv,1,0.4670900102846362,0.42807700070042526,0.10483298901493845
cv,2,0.42845634685723566,0.43057005559120193,0.14097359755156239
cv,1,0.5262700410888331,0.45562935885564093,0.01810060005552597
cv,1,0.24345080354869122,0.7504559587619658,0.006093237689342968
cv,0,0.42931832880090637,0.5529743018614643,0.017707369337629297
cv,0,0.1649008611906892,0.09714136475564555,0.7379577740536655
cv,1,0.4494502086520985,0.46563061069206346,0.08491918065583803
cv,0,0.22306647112752062,0.2536040274505733,0.523329501421906
cv,1,0.5566236511745579,0.42186490170512175,0.021511447120320333
cv,1,0.4308173384380806,0.27411933628006163,0.29506332528185775
cv,1,0.15093993425062807,0.3413227690211814,0.5077372967281905
cv,0,0.5794257187980788,0.38405134436713845,0.03652293683478271
cv,0,0.6901314038058979,0.29407802302801567,0.01579057316608646
cv,1,0.24519222484456563,0.7366539788089914,0.018153796346442916
cv,1,0.265388688898062,0.7004603828242992,0.03415092827763886
cv,1,0.16368149332131138,0.7844170411943419,0.051901465484346744
cv,0,0.43629703998865904,0.5103653645412957,0.05333759547004526
cv,0,0.8137378383170212,0.17412274822330348,0.012139413459675143
cv,1,0.23452792234743333,0.4902764407955553,0.2751956368570113
cv,0,0.4242001893411748,0.5115961585973228,0.06420365206150236
cv,2,0.7413663193568,0.24995626712901267,0.008677413514187372
cv,1,0.21480676653095654,0.7689879471711494,0.01620528629789401
cv,0,0.4271379715417033,0.5582971801723097,0.014564848285986958
cv,1,0.6420010048910092,0.34201338943645454,0.015985605672536228
cv,0,0.7376509149290286,0.24405311669006355,0.0182959683809079
cv,1,0.5183038479742179,0.4125614414663044,0.0691347105594777
cv,2,0.14057401759216243,0.21638655731834394,0.6430394250894936
cv,1,0.17458103999697042,0.7770738444759473,0.0483451155270823
cv,0,0.6447734010330495,0.34303896048428073,0.012187638482669886
cv,2,0.6292152122563677,0.3117491318678131,0.059035655875819194
cv,1,0.6928025890968572,0.289875320414962,0.017322090488180824
cv,0,0.39452196674372153,0.5982392921876241,0.007238741068654325
cv,1,0.6216301337492789,0.2895877640344664,0.08878210221625471
cv,0,0.7072321784720447,0.28022752551838054,0.012540296009574856
cv,2,0.2600605470133939,0.1523841801531356,0.5875552728334705
cv,0,0.24707194166316365,0.7330198043265028,0.0199082540103334
cv,1,0.040881040735964144,0.24486390055508328,0.7142550587089526
cv,1,0.043917095605982934,0.3394457800503652,0.6166371243436519
cv,1,0.20785881433789738,0.7737537055677143,0.018387480094388255
cv,1,0.2075161250291185,0.722507988268897,0.06997588670198447
cv,0,0.6684028661214884,0.29740043968254454,0.03419669419596709
cv,2,0.2997905276406936,0.4050303079699969,0.2951791643893095
cv,1,0.5797610469555756,0.14075815278331302,0.27948080026111144
cv,1,0.539027013390502,0.4037030793196904,0.05726990728980765
cv,1,0.7625951141990739,0.20797184257001095,0.029433043230915168
cv,0,0.8886644256515683,0.1046088265081531,0.006726747840278438
cv,0,0.6356917529788136,0.3118057266436181,0.052502520377568196
cv,1,0.7295006439849526,0.22242049519054427,0.04807886082450309
cv,0,0.6137075385583677,0.3662726573988135,0.020019804042818716
cv,1,0.18444957935094392,0.7633572265622457,0.052193194086810536
cv,0,0.17396098484267383,0.7463062898627821,0.07973272529454392
cv,1,0.4928048561712252,0.4501903527580243,0.05700479107075046
cv,1,0.2769315383074787,0.4402099729473937,0.28285848874512765
cv,0,0.2679165496756462,0.7178376155781561,0.014245834746197663
cv,1,0.6432951968388944,0.347364184962749,0.009340618198356753
cv,1,0.7414187912274116,0.24933197629181558,0.009249232480772753
cv,1,0.6796883517648646,0.27137081645353256,0.048940831781602835
cv,0,0.9186851954053308,0.0752718422138922,0.006042962380776977
cv,0,0.6302490510452843,0.3478306049032961,0.02192034405141967
cv,0,0.7198379785324391,0.26591711751931296,0.014244903948247841
cv,0,0.5402291031636922,0.3957144885533401,0.06405640828296764
cv,0,0.6071753408040028,0.375932576496112,0.016892082699885253
cv,0,0.39937570050653,0.5874181934288633,0.013206106064606852
cv,0,0.6337102464404124,0.3350037938124211,0.03128595974716649
cv,0,0.6065331613226979,0.37828844195380734,0.015178396723494756
cv,1,0.2971131451403676,0.5309322251337889,0.17195462972584358
cv,1,0.42211138270688187,0.27689716613060505,0.3009914511625131
cv,1,0.4565098159567439,0.1751606031326017,0.36832958091065443
cv,1,0.23812531886209629,0.6540688552000906,0.1078058259378131
cv,0,0.6985648737209986,0.2830337730879057,0.018401353191095662
cv,0,0.2733533247828721,0.345059642442039,0.3815870327750888
cv,1,0.12443816228856545,0.834660958922076,0.04090087878935864
cv,1,0.36948436636632315,0.5886566994758347,0.04185893415784216
cv,0,0.538568099756501,0.4310852729449867,0.030346627298512306
cv,1,0.6750410006857485,0.31177127018958256,0.01318772912466894
cv,1,0.7205037697022241,0.26937161139013555,0.010124618907640472
cv,1,0.28871695726971935,0.7011484755464533,0.010134567183827454
cv,0,0.8196076018032542,0.17159487324056627,0.008797524956179442
cv,0,0.5013075608193386,0.32063105813205944,0.17806138104860184
cv,0,0.2502975099004662,0.6947730476212326,0.05492944247830135
cv,0,0.44126423373066714,0.5050851695044656,0.05365059676486724
cv,1,0.20201204418176455,0.7560012236025744,0.04198673221566112
cv,1,0.23506009418945495,0.7569906319422366,0.007949273868308428
cv,1,0.33886571962666817,0.6401911111898998,0.02094316918343213
cv,1,0.7123922968516418,0.2472521557335718,0.04035554741478631
cv,2,0.4723845435667496,0.23561471329568578,0.2920007431375646
cv,1,0.1398464470791902,0.8510278721340162,0.009125680786793634
cv,1,0.6247960064829564,0.36251537964750813,0.01268861386953557
cv,0,0.6984790543812152,0.2828167700858947,0.018704175532890242
cv,1,0.6656280858122038,0.30245352670241094,0.031918387485385266
cv,1,0.34154671750602095,0.581530855418501,0.07692242707547808
cv,0,0.29053916783687006,0.6948366738036287,0.01462415835950126
cv,2,0.23784976405565708,0.24677626816000858,0.5153739677843344
cv,0,0.6159640368042336,0.3697524904503792,0.014283472745387119
cv,1,0.3893930193414162,0.6039806740397142,0.00662630661886955
cv,2,0.308342486659701,0.6732345955274437,0.01842291781285534
cv,0,0.6057400074281206,0.3611445437060923,0.033115448865787135
cv,1,0.32142638949032853,0.6530827117906685,0.02549089871900297
cv,1,0.15985740202623816,0.6850039668709205,0.15513863110284132
cv,0,0.7176157916731988,0.272241728950216,0.010142479376585254
cv,1,0.22015273973038035,0.764611103691675,0.015236156577944724
cv,1,0.3839474404315172,0.6080296805965255,0.00802287897195728
cv,1,0.2786968556407101,0.11708230335930794,0.604220840999982
cv,1,0.6584906502110368,0.3301045974385791,0.01140475235038401
cv,0,0.6970678500621805,0.28406055277813974,0.018871597159679752
cv,1,0.1402739027487265,0.8115293976756142,0.04819669957565935
cv,1,0.12418443576378846,0.7998948223061697,0.07592074193004186
cv,0,0.754891732017466,0.20830739812359647,0.036800869858937574
cv,1,0.6377854826219338,0.3401607348549109,0.02205378252315542
cv,0,0.7160732856800239,0.2670910733706135,0.016835640949362705
cv,2,0.4407108194813837,0.1567926831684991,0.4024964973501171
cv,1,0.5215512841092312,0.45706755825027356,0.02138115764049517
cv,1,0.5748613587775604,0.40733458684093166,0.01780405438150794
cv,0,0.5986528423327564,0.33492753551211674,0.06641962215512678
cv,1,0.5849931426241854,0.39004416252526286,0.02496269485055175
cv,1,0.48105868794151274,0.5070454057967246,0.01189590626176271
cv,1,0.22141662128323447,0.7464894918913179,0.032093886825447594
cv,1,0.38906814034874637,0.5827686175038583,0.02816324214739523
cv,2,0.2734859754312553,0.6949375985064217,0.03157642606232288
cv,0,0.5836006905285245,0.3812415285547245,0.035157780916751036
cv,0,0.6997633622492434,0.27951068331448337,0.020725954436273137
cv,0,0.6352312708125192,0.35595718709952895,0.008811542087951912
cv,1,0.5797932233846183,0.3756663222611278,0.044540454354253994
cv,0,0.5375308526895646,0.43494674716688386,0.027522400143551652
cv,1,0.2557473074700528,0.6978602150004309,0.04639247752951623
cv,0,0.5088398702629725,0.38604763433392153,0.10511249540310597
cv,1,0.1913411592290612,0.09309228583459991,0.7155665549363389
cv,1,0.2620963038991641,0.7213701931385943,0.016533502962241674
cv,2,0.4160766024601091,0.13853319550236987,0.445390202037521
cv,1,0.3307736170431164,0.6457973997522535,0.023428983204630202
cv,1,0.21420191506359626,0.7063452581090577,0.07945282682734603
cv,0,0.8995969312529795,0.09565581977189692,0.004747248975123752
cv,1,0.07755948123637282,0.8909322319241753,0.03150828683945188
cv,2,0.23148771761824577,0.204463641854341,0.5640486405274132
cv,0,0.6421202524766001,0.33697744474940217,0.020902302773997773
cv,0,0.23952396967443104,0.7211642712723989,0.039311759053170095
cv,0,0.38262266800048783,0.3350330780672822,0.28234425393222995
cv,0,0.6732225939973195,0.2758543352510588,0.050923070751621634
cv,0,0.6288170359403626,0.33350286433420184,0.03768009972543558
cv,1,0.4415974372025843,0.5512245097882384,0.007178053009177146
cv,1,0.2895190367706735,0.6473363760215449,0.06314458720778145
cv,1,0.15332410646697123,0.6812884569538182,0.1653874365792105
cv,2,0.12531145642630562,0.5756900829752415,0.2989984605984529
cv,1,0.07841425794969648,0.374233857353353,0.5473518846969505
cv,0,0.4186780714980551,0.5499080046304308,0.031413923871514184
cv,1,0.418099935946138,0.46477251247784884,0.11712755157601311
cv,1,0.2928407021328302,0.6707674721428978,0.03639182572427196
cv,1,0.6475905453380004,0.32231851564108555,0.030090939020914108
cv,0,0.6892534345160991,0.29487418935967735,0.015872376124223653
cv,2,0.14507089466717082,0.1375137491109531,0.7174153562218761
cv,1,0.5881757340900924,0.36357143020533833,0.04825283570456938
cv,0,0.06842089263051568,0.0927821527529312,0.8387969546165532
cv,0,0.7341866947346112,0.25590404138721906,0.00990926387816963
cv,2,0.22489091022631208,0.218779022028532,0.5563300677451559
cv,1,0.2555452751727036,0.6733247635024349,0.07112996132486175
cv,0,0.7085908441362542,0.2804068892076451,0.011002266656100783
cv,1,0.2663651701326947,0.7257865608608108,0.007848269006494341
cv,0,0.29519720143537576,0.6938308951854673,0.010971903379156992
cv,1,0.6472768734827069,0.31120234568113725,0.041520780836155916
cv,1,0.15523436234095422,0.793379986653483,0.051385651005562714
cv,0,0.37597583184734706,0.2012785365293789,0.42274563162327405
cv,2,0.15995938903482584,0.20213068902626702,0.6379099219389072
cv,1,0.42094232064549947,0.5169485375743704,0.06210914178013014
cv,1,0.577223970671413,0.39771940009893286,0.02505662922965423
cv,1,0.4480735732344142,0.2892837356382821,0.26264269112730376
cv,0,0.49165800503369333,0.4971775293899,0.01116446557640663
cv,1,0.2701307468146338,0.5595531250765237,0.1703161281088426
cv,1,0.6659021382394027,0.31991570080567755,0.01418216095491986
cv,0,0.13791006375739748,0.1847064260759807,0.6773835101666218
cv,0,0.332339828879822,0.6494741638546312,0.018186007265546776
cv,1,0.20219125517073952,0.7399516136732196,0.05785713115604094
cv,0,0.4148879719665836,0.5281069192181826,0.057005108815233754
cv,0,0.7313149704076032,0.2581789173575999,0.01050611223479687
cv,1,0.6467116950010374,0.31090321495844,0.04238509004052267
cv,0,0.22514788931587484,0.7220084967178785,0.05284361396624665
cv,2,0.6392693987677955,0.2644320497661893,0.09629855146601529
cv,0,0.9164056443000252,0.04213467441008518,0.04145968128988962
cv,1,0.06902835969878415,0.9073689002106438,0.0236027400905721
cv,1,0.7248601150224043,0.2629034276759946,0.01223645730160105
cv,1,0.6317681556664778,0.2530135204377258,0.11521832389579627
cv,1,0.33428007631302087,0.6312527744885374,0.03446714919844159
cv,1,0.30687865192594593,0.6419752910806241,0.051146056993429924
cv,2,0.4741598609893917,0.24234688644094252,0.28349325256966573
cv,0,0.26461001003193385,0.6940204964517938,0.04136949351627239
cv,0,0.5568218120946027,0.29512435360642236,0.14805383429897484
cv,1,0.23816631891128068,0.706054448478073,0.0557792326106464
cv,0,0.1972845455514259,0.7487374010842496,0.05397805336432447
cv,1,0.23349873542657473,0.7094167829876412,0.057084481585784275
cv,0,0.7193553902175672,0.2673476080424603,0.013297001739972277
cv,1,0.266366023724831,0.6410216666279072,0.09261230964726182
cv,1,0.6549938426331205,0.32264539606941495,0.022360761297464442
cv,2,0.13331077788873932,0.20947265806580856,0.657216564045452
cv,1,0.3741469091514595,0.6169200204510369,0.008933070397503542
cv,1,0.5898183319004666,0.3555312842966326,0.05465038380290088
cv,0,0.4586403926759431,0.1509305206690268,0.39042908665503007
cv,1,0.19815448742633995,0.7580266373309282,0.04381887524273176
cv,0,0.6002376375858434,0.372597157178541,0.027165205235615553
cv,1,0.31837522981678845,0.6235972585755071,0.05802751160770455
cv,1,0.6199829943310778,0.35949753064108964,0.02051947502783246
cv,1,0.4615043896070019,0.5296435445553179,0.00885206583768013
cv,1,0.17768944150036076,0.7890058032514574,0.03330475524818198
cv,0,0.7757736855922379,0.2173401337385613,0.006886180669200767
cv,1,0.658302232195687,0.32812618084213285,0.013571586962180197
cv,0,0.5274500248089871,0.39546976891208674,0.07708020627892617
cv,1,0.6108570680731248,0.36960425771985106,0.019538674207024175
cv,1,0.24993121899359366,0.6504719530125149,0.09959682799389129
cv,2,0.028290825899665938,0.9697564539510989,0.0019527201492351854
cv,1,0.26350418140735277,0.7148969920179274,0.021598826574719864
cv,1,0.2520916751681602,0.7292468142910409,0.018661510540799075
cv,1,0.22460907038284433,0.7448097592756446,0.030581170341511067
cv,1,0.6404699209224524,0.33571009365878335,0.02381998541876431
cv,1,0.28377556196627624,0.6861118570722594,0.030112580961464373
cv,0,0.5539955348431251,0.2660240594688748,0.17998040568800006
cv,1,0.3932097981984856,0.5875431673058097,0.01924703449570463
cv,1,0.36409137214817733,0.6068550823359251,0.029053545515897443
cv,1,0.4812811927055246,0.465721926470705,0.05299688082377048
cv,1,0.164831501696599,0.7798172692336711,0.055351229069729904
cv,0,0.6992017165746252,0.2663781092552336,0.03442017417014137
cv,2,0.34989948484966144,0.2735777705996383,0.3765227445507002
cv,0,0.6177135494589754,0.3637846387514173,0.018501811789607407
cv,0,0.9022671093080141,0.0920806020754531,0.0056522886165326575
cv,1,0.17439123062433515,0.7864113914670573,0.039197377908607556
cv,0,0.6277576952276641,0.34585727481554895,0.026385029956786942
cv,0,0.35035436125349373,0.4801239742921668,0.16952166445433944
cv,0,0.6649935422914475,0.30238361294563065,0.03262284476292186
cv,0,0.007754169078799282,0.9731813232690228,0.01906450765217781
cv,1,0.4374106531300102,0.467473153582627,0.09511619328736276
cv,1,0.3294626594501663,0.6355220457309079,0.035015294818925916
cv,0,0.9127413262680573,0.0828156684116397,0.004443005320302965
cv,1,0.2660921786226414,0.7192794321177413,0.014628389259617309
cv,1,0.1876757819398958,0.7548477356455511,0.05747648241455312
cv,0,0.6375585558207395,0.3414638450105535,0.020977599168707062
cv,2,0.3056840220078403,0.1294123680913343,0.5649036099008254
cv,0,0.3604699480344523,0.08430818851184316,0.5552218634537045
cv,0,0.5634673578546568,0.41748887202139884,0.01904377012394438
cv,1,0.6121283855284482,0.2838984333537344,0.10397318111781748
cv,1,0.5799414548254881,0.3976972678615944,0.02236127731291746
cv,0,0.6630189437071229,0.31600482658914275,0.02097622970373439
cv,2,0.20356465837555887,0.18527738592410256,0.6111579557003386
cv,1,0.3529586502612866,0.6250051772299685,0.02203617250874487
cv,1,0.5143845146384562,0.4664202211924288,0.019195264169114944
cv,1,0.5718396249101817,0.3894223803091108,0.03873799478070751
cv,0,0.6683417193860542,0.3128599851264377,0.018798295487508103
cv,0,0.2754985728667969,0.6854063515876042,0.03909507554559873
cv,1,0.2783919771403464,0.6429147099007455,0.07869331295890811
cv,0,0.6734214078064313,0.3103377936403108,0.01624079855325785
cv,0,0.6688152426472306,0.31450693212243797,0.01667782523033134
cv,1,0.4316851605285003,0.4035504398957528,0.16476439957574687
cv,2,0.5556307664393658,0.38357690807489836,0.060792325485735786
cv,0,0.6218311006667074,0.34745393482688763,0.0307149645064049
cv,0,0.8556197613276961,0.1254053006110744,0.018974938061229515
cv,1,0.10911212650840345,0.8866570138307581,0.004230859660838362
cv,0,0.8168746214084596,0.16173406714288321,0.021391311448657184
cv,1,0.18007278077468267,0.6636208415268814,0.15630637769843592
cv,1,0.6666274945269819,0.31273300395241466,0.020639501520603423
cv,1,0.5368169232876949,0.4289604904904514,0.03422258622185363
cv,1,0.4350104324363106,0.5160632109507912,0.04892635661289816
cv,1,0.5251388811933364,0.445835395415587,0.029025723391076598
cv,0,0.6319596762350532,0.3033079008318286,0.06473242293311814
cv,1,0.2723244705364828,0.7077455563860926,0.019929973077424584
cv,1,0.3837826033649595,0.5867829330320653,0.02943446360297519
cv,1,0.28116230799031017,0.7067116880374922,0.012126003972197768
cv,1,0.3895608161766503,0.5681508868357792,0.04228829698757056
cv,1,0.11344089136091873,0.7740444148193546,0.1125146938197267
cv,1,0.5675521863054063,0.4125611791540451,0.019886634540548474
cv,0,0.2598192477155831,0.5184944121031767,0.2216863401812402
cv,0,0.6621672911283857,0.3099349018887659,0.02789780698284841
cv,0,0.3722748028777213,0.6149540792453732,0.01277111787690557
cv,1,0.3295488462673358,0.6652108904344868,0.005240263298177483
cv,1,0.2182771034789423,0.7519983225985881,0.029724573922469567
cv,1,0.5626087969761375,0.42652512799330894,0.01086607503055351
cv,0,0.4445490702562874,0.5504343224481796,0.005016607295533067
cv,1,0.6875225678664528,0.29573608463650203,0.016741347497045218
cv,0,0.7493829985856435,0.2422689246902471,0.008348076724109327
cv,0,0.22652024297254908,0.3677756080954354,0.4057041489320155
cv,1,0.6303419207910161,0.3443253851815572,0.0253326940274267
cv,2,0.5037868915200003,0.1991663478914582,0.29704676058854157
cv,0,0.34255979534105496,0.6496028135863732,0.007837391072571937
cv,0,0.5813698550701856,0.27261461021475447,0.14601553471505982
cv,2,0.32927461553599924,0.47583740547312897,0.19488797899087187
cv,0,0.3222126691444565,0.6571879842487244,0.020599346606819276
cv,1,0.27049657850947245,0.6977779867257559,0.0317254347647717
cv,1,0.5778983861212555,0.27884740842936084,0.14325420544938355
cv,2,0.0647870468711064,0.07756742384357707,0.8576455292853165
cv,1,0.5554303604803436,0.41060592438820864,0.03396371513144786
cv,2,0.5787002240474389,0.22590278606821368,0.19539698988434737
cv,1,0.27551494383916675,0.38681510204789465,0.3376699541129386
cv,0,0.30337077916336436,0.6797214331637085,0.0169077876729271
cv,0,0.5801045874251892,0.2321728286002684,0.1877225839745423
cv,1,0.2769154723481913,0.7068060063449837,0.01627852130682498
cv,0,0.6603560094473299,0.27372810544606113,0.06591588510660897
cv,0,0.6163989833909593,0.2542867706183325,0.12931424599070823
cv,0,0.42388842405874955,0.5499574974886077,0.026154078452642678
cv,0,0.9392880635157483,0.05830074049616717,0.002411195988084528
cv,0,0.36072743751160175,0.6039418428938482,0.035330719594550045
cv,1,0.5513419149483705,0.42785034438115177,0.02080774067047786
cv,1,0.24961044058581305,0.737755179866757,0.012634379547430028
cv,0,0.7104395983490244,0.2759203667604989,0.013640034890476698
cv,2,0.14943173303578966,0.10519202871576967,0.7453762382484406
cv,2,0.22726563340385408,0.14401485165251726,0.6287195149436287
cv,0,0.8375898480389375,0.13931196164099155,0.023098190320070988
cv,2,0.2962828245037975,0.2947771307707684,0.4089400447254342
cv,0,0.555247400949493,0.31057180114544986,0.1341807979050571
cv,0,0.6999532044495791,0.29341963991241793,0.006627155638003012
cv,0,0.5651167838420641,0.41430297159106255,0.020580244566873407
cv,2,0.22442120561070156,0.36395009799289046,0.411628696396408
cv,0,0.3480063400849681,0.613354070264527,0.038639589650504874
cv,0,0.3212190339994855,0.6718559687418107,0.006924997258703734
cv,0,0.18331626142366897,0.7651199741651264,0.05156376441120464
cv,1,0.659646500098169,0.3092729197372105,0.031080580164620487
cv,0,0.5668630570926172,0.3561898032356759,0.07694713967170681
cv,0,0.6296701714265934,0.3492274369475923,0.02110239162581424
cv,1,0.6614354254624866,0.30337851191731496,0.03518606262019857
cv,1,0.3275391043414412,0.6493593765074204,0.02310151915113849
cv,2,0.3659065298666891,0.15671938634150523,0.4773740837918057
cv,0,0.7047168991273218,0.19737729725893596,0.09790580361374217
cv,0,0.29326958671600883,0.6984983889138124,0.008232024370178748
cv,0,0.6945388387950552,0.29336616227127027,0.012094998933674581
cv,2,0.10961343267724932,0.07583353779936175,0.8145530295233889
cv,0,0.5642166694014064,0.3816896971342095,0.05409363346438416
cv,2,0.6652306858914565,0.2528304344632976,0.08193887964524588
cv,1,0.3046794754190417,0.6724720675308474,0.022848457050110897
cv,1,0.5853471978807145,0.38599468646186785,0.028658115657417632
cv,0,0.519334401471766,0.34726504523536017,0.13340055329287376
cv,1,0.7376211969565525,0.2505249442800293,0.011853858763418303
cv,0,0.6305108902245284,0.3389976034138479,0.03049150636162371
cv,1,0.45265144010591785,0.5009770006006631,0.046371559293419115
cv,1,0.6818725434732065,0.2935603623362805,0.024567094190512964
cv,1,0.5706552483944818,0.39988009933320473,0.02946465227231354
cv,1,0.23797032416241742,0.7348949448616493,0.027134730975933156
cv,1,0.3879646886769056,0.5933421925014607,0.01869311882163361
cv,1,0.5691805358592348,0.3572571882026709,0.07356227593809446
cv,0,0.6034135347702879,0.3463694880321165,0.05021697719759573
cv,0,0.5819634066349362,0.249912360607285,0.16812423275777877
cv,0,0.6015739947291832,0.3793752229249946,0.019050782345822297
cv,0,0.4307763275810963,0.5603010642159136,0.00892260820299006
cv,0,0.7640714616206052,0.15705957788645947,0.07886896049293543
cv,2,0.16075306775396336,0.4884140394172589,0.3508328928287778
cv,1,0.6783916416397029,0.3042609460421769,0.01734741231812026
cv,0,0.6573483537837875,0.3183447099385435,0.02430693627766895
cv,0,0.669900964898521,0.1907782151740846,0.1393208199273943
cv,1,0.3861245462317592,0.5781901903832762,0.03568526338496451
cv,0,0.40289601728678354,0.5895672377790329,0.007536744934183684
cv,0,0.6449681188516897,0.33936583014736865,0.01566605100094156
cv,1,0.4330090505865504,0.5330786122618434,0.033912337151605985
cv,0,0.4995828474812547,0.4468857558101685,0.05353139670857685
cv,1,0.7308516792300169,0.20044352646672095,0.068704794303262
cv,0,0.7121199730175558,0.28003351277763355,0.00784651420481056
cv,1,0.24640546202009891,0.7069518045024199,0.04664273347748124
cv,1,0.3792901947510974,0.5530794119431903,0.06763039330571237
cv,1,0.5060995328259013,0.4513831518150499,0.04251731535904878
cv,1,0.6178558156470634,0.3706200763213728,0.011524108031563928
cv,0,0.5718940772525419,0.22935139204463373,0.19875453070282428
cv,2,0.18801259929851638,0.2720184059340046,0.5399689947674788
cv,2,0.1988359458703604,0.2244546161933622,0.5767094379362774
cv,1,0.3270244625556945,0.592953309525859,0.08002222791844646
cv,0,0.6327659293066329,0.34559640623055277,0.02163766446281438
cv,0,0.3673122863636268,0.6210745819941994,0.011613131642173907
cv,0,0.4940797531920749,0.3252780112365104,0.18064223557141462
cv,1,0.5656444844003383,0.41357987218155223,0.020775643418109523
cv,0,0.9066829587874748,0.0858203826046311,0.007496658607893986
cv,1,0.3920979706832894,0.6017016252277015,0.006200404089009089
cv,0,0.7392881018230311,0.2501849880135836,0.010526910163385311
cv,0,0.5611242317628771,0.42463826518604275,0.014237503051080125
cv,0,0.3929411316433373,0.4843652836276445,0.12269358472901815
cv,0,0.7044466756340486,0.2753682071181306,0.020185117247820773
cv,0,0.7501164335028045,0.23231479281964615,0.017568773677549308
cv,0,0.6264998983497921,0.35917605724583535,0.014324044404372478
cv,0,0.6296827864519109,0.27704211601939704,0.09327509752869204
cv,1,0.15990393547724258,0.7623343347627147,0.07776172976004272
cv,2,0.38683338650062316,0.41787994753465724,0.19528666596471952
cv,2,0.10473118069199952,0.06025701623350923,0.8350118030744913
cv,1,0.25208166703614265,0.7149444663128505,0.03297386665100682
cv,1,0.43901595793703285,0.5561971983360773,0.004786843726889794
cv,2,0.24982920126655056,0.6870741000748865,0.06309669865856286
cv,0,0.505740783991513,0.31696384941058575,0.1772953665979013
cv,2,0.3369622441158321,0.21899261090520722,0.4440451449789607
cv,1,0.3148235099888569,0.6548644484419914,0.03031204156915167
cv,1,0.23364615199967037,0.7155857565615313,0.050768091438798325
cv,2,0.2578300962894292,0.20126146117146906,0.5409084425391019
cv,0,0.6705233883982029,0.3070060206985016,0.022470590903295527
cv,2,0.13407251120539804,0.3236590009368664,0.5422684878577357
cv,1,0.5536918842759391,0.35173732409789943,0.09457079162616153
cv,1,0.6820605105913911,0.30347198488949295,0.014467504519116025
cv,0,0.7595485221675363,0.22363698606103313,0.016814491771430438
cv,0,0.9242963720268428,0.0711885484412329,0.00451507953192421
cv,0,0.7524288433265112,0.2370525981292828,0.010518558544205945
cv,1,0.27009336091162967,0.17077664643121973,0.5591299926571505
cv,0,0.8762040582470274,0.11884083548946614,0.00495510626350648
cv,1,0.1577823180164603,0.7407609785337891,0.10145670344975058
cv,1,0.5008873937465904,0.48573294160575353,0.013379664647655998
cv,0,0.6818739568256234,0.30314363231230795,0.014982410862068678
cv,0,0.6857561271710733,0.29717778845252385,0.017066084376402824
cv,0,0.2713110456216525,0.3810587880471924,0.3476301663311552
cv,1,0.34658508769258467,0.6388684081590665,0.014546504148348868
cv,0,0.43077365522808586,0.5550778103607369,0.014148534411177166
cv,0,0.6609319820706101,0.3157497388495144,0.023318279079875555
cv,0,0.6288846499950085,0.2968512651708548,0.07426408483413668
cv,1,0.31868591700643173,0.31558810335119225,0.3657259796423761
cv,1,0.22311007718703396,0.7281334128545132,0.04875650995845299
cv,1,0.5926092462572146,0.371332110798457,0.03605864294432835
cv,0,0.6042113148784756,0.37635588061514585,0.01943280450637865
cv,0,0.36584505655164784,0.59575966929076,0.038395274157592314
cv,0,0.6043553389794336,0.35976155015677114,0.03588311086379513
cv,0,0.7016030911950971,0.2888795210811074,0.00951738772379539
cv,2,0.04580009102113362,0.09477024548253399,0.8594296634963323
cv,1,0.3644826495613621,0.6309711635618517,0.004546186876786094
cv,2,0.28686470625662003,0.4692462774767995,0.2438890162665806
cv,2,0.15496374322272405,0.213806663713816,0.6312295930634599
cv,0,0.6598668958083157,0.3092670421095137,0.030866062082170537
cv,0,0.6576119982939701,0.32607316511724777,0.01631483658878222
cv,1,0.4194110693757713,0.4470676833495163,0.13352124727471243
cv,1,0.29388753511587445,0.6930844587235124,0.013028006160613104
cv,0,0.3861636439109458,0.19350154788055324,0.420334808208501
cv,1,0.21866526265435704,0.7295133959656578,0.051821341379985106
cv,0,0.6314651250980358,0.34538763220988866,0.0231472426920755
cv,2,0.12953483068738542,0.13222366145497494,0.7382415078576396
cv,1,0.11453166768693701,0.8561623556622783,0.029305976650784805
cv,1,0.6084234229308141,0.35398466160056774,0.0375919154686182
cv,0,0.7122958089200561,0.280650862135927,0.007053328944016994
cv,1,0.2664162575072012,0.5859124960169443,0.14767124647585445
cv,0,0.715914724364503,0.23411439989324037,0.04997087574225666
cv,0,0.4210699543547672,0.5624008388180876,0.016529206827145315
cv,2,0.08495186388278027,0.020153063614179026,0.8948950725030407
cv,1,0.5994140992978267,0.37875447351141833,0.021831427190755013
cv,2,0.2043876363273057,0.09957530948989142,0.6960370541828029
cv,0,0.6893517415976868,0.28277011524068374,0.02787814316162938
cv,1,0.5329461647678119,0.4342999608288188,0.03275387440336944
cv,0,0.5692112491864235,0.412495293508813,0.018293457304763634
cv,0,0.27657917160138057,0.7109580947514398,0.012462733647179567
cv,0,0.502524111615569,0.44779092495898104,0.04968496342544991
cv,1,0.3666440082807226,0.6181259925052585,0.015229999214018986
cv,0,0.703310515272656,0.27750011090416055,0.019189373823183576
cv,2,0.15299716012005452,0.16119105661434782,0.6858117832655977
cv,2,0.27620967910594396,0.3336874053965497,0.3901029154975063
cv,1,0.24625584855123223,0.739525198576316,0.01421895287245176
cv,1,0.5069845214142045,0.44421681915357586,0.04879865943221963
cv,0,0.3888886214112066,0.5984640970673378,0.012647281521455453
cv,1,0.29771274840893436,0.6926758565945201,0.009611394996545598
cv,0,0.6873078009900306,0.26610569552658137,0.04658650348338799
cv,1,0.26593468146496996,0.7110526484596693,0.02301267007536067
cv,1,0.41532001180161676,0.5782719204559508,0.006408067742432411
cv,0,0.6949741078110512,0.2858423153331353,0.01918357685581366
cv,1,0.6250735741885814,0.3598985281592829,0.015027897652135535
cv,1,0.15712297823390514,0.7977333536521037,0.045143668113991266
cv,1,0.16010434596954706,0.7934502898862706,0.04644536414418228
cv,0,0.5469248572185825,0.3932606912534847,0.059814451527932744
cv,1,0.1164596664992621,0.5767740247163895,0.3067663087843485
cv,0,0.7092636816094465,0.27914458110780593,0.011591737282747507
cv,0,0.5706026763319789,0.2556020469734793,0.17379527669454173
cv,2,0.35298858736919775,0.33265991839632003,0.31435149423448216
cv,0,0.664005540979496,0.3065506594772241,0.029443799543279896
cv,1,0.23993335148858938,0.7283017841437186,0.03176486436769206
cv,0,0.7438241471623346,0.2442530411589076,0.011922811678757767
cv,2,0.6397608844603878,0.2854274007744055,0.07481171476520677
cv,2,0.3123540976884571,0.19573898880492352,0.4919069135066193
cv,1,0.4702567491392481,0.5140090865768873,0.01573416428386482
cv,0,0.7334414078702631,0.24901776280172375,0.017540829328013072
cv,1,0.42290592009373534,0.5478867700613907,0.029207309844873835
cv,1,0.2971568507032561,0.6731382194621405,0.02970492983460336
cv,1,0.27883512639566777,0.6550075422605905,0.06615733134374172
cv,1,0.17861487528927278,0.7831718026979043,0.038213322012822876
cv,0,0.5747636340528566,0.4006262141852607,0.02461015176188279
cv,1,0.16538792227271723,0.8010322302811701,0.033579847446112726
cv,0,0.7480849279443607,0.24315908045411075,0.008755991601528611
cv,1,0.7385062515691053,0.23605286816206714,0.02544088026882757
cv,0,0.691172091700913,0.2973015713155597,0.011526336983527249
cv,1,0.05735716636329925,0.9358857364143607,0.0067570972223402245
cv,2,0.34740089356047305,0.3308854525762233,0.3217136538633037
cv,2,0.4946107229789406,0.4183725838749224,0.08701669314613715
cv,0,0.6528251169357107,0.26166174505639095,0.08551313800789831
cv,1,0.17526090004766468,0.7692548873650311,0.055484212587304196
cv,1,0.1694870990563717,0.8170273617666926,0.01348553917693569
cv,1,0.4113056738721226,0.3022993478376262,0.2863949782902513
cv,1,0.4214884716495112,0.22321986123318557,0.35529166711730326
cv,0,0.7503197739677135,0.23328796674930516,0.016392259282981287
cv,1,0.47397000314819204,0.3136996355720561,0.21233036127975188
cv,1,0.24860900079280976,0.6662992125853349,0.08509178662185532
cv,1,0.37497417282293954,0.5806060314564142,0.044419795720646214
cv,1,0.42579603098109314,0.5219187606452271,0.052285208373679726
cv,1,0.31085898174777615,0.6681980864548522,0.02094293179737155
cv,1,0.6961826760996007,0.29400649087926467,0.009810833021134686
cv,0,0.7389516199365505,0.2215193589548239,0.039529021108625606
cv,0,0.6882658909299542,0.2872296786248372,0.024504430445208676
cv,0,0.27404697373489334,0.7025653700344682,0.023387656230638425
cv,0,0.7424918856443711,0.24938251798074534,0.008125596374883649
cv,1,0.7237311567313004,0.25297204046409005,0.0232968028046095
cv,2,0.3143698876133202,0.3229368041572932,0.3626933082293866
cv,0,0.7251073724918349,0.25179517987199596,0.023097447636169187
cv,1,0.5193451787421679,0.29550548858080317,0.18514933267702902
cv,0,0.7577022208025775,0.23265144702273188,0.009646332174690502
cv,1,0.28540366374733483,0.6906820141444248,0.023914322108240495
cv,0,0.6543976240710818,0.2045407964309475,0.14106157949797055
cv,1,0.6841247668158952,0.2980898404003433,0.017785392783761594
cv,1,0.5113935143109699,0.363182431232047,0.12542405445698315
cv,0,0.22129178670880112,0.7645023237622871,0.014205889528911794
cv,1,0.739819769016446,0.24794547731198446,0.012234753671569554
cv,0,0.30053934327317655,0.6498696710585302,0.04959098566829313
cv,1,0.4056579445920511,0.5047493521071701,0.08959270330077884
cv,0,0.5573523970972951,0.3803348640152344,0.06231273888747031
cv,0,0.3029338890244949,0.6609437806233658,0.03612233035213932
cv,2,0.7328894074712642,0.25699049877828006,0.010120093750455717
cv,0,0.5326291431994139,0.2611388273299867,0.2062320294705994
cv,1,0.3010747112912348,0.6921723960557159,0.0067528926530493055
cv,2,0.5646332592732606,0.19153995394603848,0.24382678678070097
cv,2,0.07690773984898716,0.06833258400173012,0.8547596761492826
cv,0,0.6438329745412601,0.32489231377729477,0.03127471168144519
cv,2,0.05128675730926622,0.03315550916186184,0.915557733528872
cv,1,0.41253597527413366,0.5758932595483074,0.01157076517755903
cv,1,0.1424382224036584,0.8231434106724344,0.0344183669239073
cv,1,0.13254783926584895,0.8345252276833512,0.03292693305079967
cv,0,0.3954310938567935,0.5933963900080131,0.011172516135193458
cv,1,0.17231827037571015,0.7633930114864678,0.06428871813782203
cv,1,0.13709207483693214,0.8429614521487231,0.019946473014344566
cv,1,0.702648093382171,0.28672618156804563,0.010625725049783203
cv,0,0.6101520843558763,0.2866462976641966,0.10320161797992713
cv,1,0.6727510264093342,0.29299205806339557,0.034256915527270344
cv,0,0.6701064957284342,0.3031617358238484,0.0267317684477174
cv,1,0.315305996500621,0.6312923864704088,0.05340161702897016
cv,1,0.49851451502659294,0.40871336515494805,0.09277211981845898
cv,0,0.7711226822439358,0.17513016637549586,0.05374715138056831
cv,1,0.7233887568812307,0.26609058856729223,0.010520654551476988
cv,1,0.320505395997304,0.6705463450539331,0.008948258948762968
cv,0,0.5382252853968843,0.38225387804663863,0.07952083655647693
cv,0,0.6408055032355546,0.33822578219831434,0.020968714566130996
cv,2,0.1997880916931059,0.07824001065544153,0.7219718976514526
cv,0,0.3133052258332321,0.5768639053527855,0.10983086881398225
cv,0,0.7061036099403888,0.22819288049710162,0.06570350956250959
cv,1,0.6684517963196323,0.3054476976712101,0.026100506009157677
cv,0,0.6117839437254934,0.3595208918436293,0.028695164430877374
cv,1,0.3348417607029538,0.6127120181049863,0.05244622119205985
cv,1,0.7404170887328941,0.24950522281626256,0.010077688450843218
cv,0,0.126941516405948,0.8702101566263358,0.0028483269677161624
cv,1,0.27965834728496064,0.5611899969619484,0.15915165575309095
cv,0,0.691459608883161,0.29532763103446547,0.013212760082373492
cv,2,0.025510218194912216,0.023218998692851666,0.9512707831122361
cv,0,0.707698255946297,0.2728283368774049,0.019473407176298044
cv,2,0.18714922226745995,0.20233244133924008,0.6105183363933
cv,1,0.21712199605919597,0.7198586324360485,0.06301937150475558
cv,0,0.4688536650469596,0.43401451495946797,0.09713181999357258
cv,0,0.6361065417131746,0.34377692369693136,0.020116534589894104
cv,1,0.25591933854023774,0.3347438978072173,0.409336763652545
cv,1,0.6854241110291932,0.2964172048209799,0.0181586841498269
cv,1,0.7734582232987646,0.21306072784707153,0.013481048854163846
cv,1,0.6845281256110696,0.2937182503802976,0.0217536240086328
cv,0,0.699256862269762,0.2858001706328755,0.0149429670973625
cv,1,0.3324175581650817,0.6461651355574145,0.021417306277503746
cv,1,0.6855953625842768,0.20674682816782922,0.10765780924789396
cv,0,0.7051623611228528,0.28766332368170305,0.007174315195444233
cv,0,0.3901684133464477,0.5923628106494835,0.017468776004068758
cv,1,0.7304729206093452,0.25904974049847046,0.01047733889218443
cv,1,0.6846953269456699,0.23116927389932274,0.08413539915500731
cv,2,0.37150674202537365,0.3416410060439294,0.2868522519306969
cv,2,0.042999397754638555,0.06055783701732438,0.8964427652280371
cv,0,0.6723844073642844,0.28982644303720784,0.0377891495985077
cv,0,0.7294826902427105,0.26043450847903965,0.010082801278249759
cv,1,0.5344358999630432,0.3091672942003324,0.15639680583662433
cv,1,0.04748876804931382,0.9461723347402557,0.006338897210430444
cv,2,0.0385912857706195,0.06975075677896772,0.8916579574504129
cv,0,0.525906409443157,0.2812733953922746,0.19282019516456833
cv,1,0.7130788446719856,0.27520100887833115,0.011720146449683267
cv,0,0.6847654966694664,0.30360941994551505,0.011625083385018595
cv,0,0.22929170898651696,0.7238704571082508,0.04683783390523233
cv,1,0.6570740370922333,0.319306625307079,0.023619337600687625
cv,1,0.5119145160943894,0.37861657974343116,0.1094689041621795
cv,1,0.3705903471765894,0.6171193747786617,0.012290278044748946
cv,1,0.28467508938839314,0.6532269015572949,0.0620980090543119
cv,1,0.21425078389735144,0.7610449882969482,0.02470422780570039
cv,1,0.6158561968678342,0.35985637198039144,0.024287431151774348
cv,0,0.7287004845304178,0.24681180780654746,0.02448770766303473
cv,0,0.5778641353166555,0.3726358118043974,0.04950005287894711
cv,1,0.07464904875047987,0.8569125780190469,0.06843837323047335
cv,1,0.3904448677002688,0.6040230561847263,0.00553207611500495
cv,2,0.1713232233408532,0.7331579042461341,0.09551887241301252
cv,0,0.6162000517425168,0.3695208287601613,0.014279119497321881
cv,0,0.4182233128895138,0.33163021048686697,0.2501464766236193
cv,0,0.7006936950187658,0.2784384343547696,0.020867870626464523
cv,0,0.4400416524325717,0.5372010189533488,0.022757328614079482
cv,0,0.6776296604833543,0.3036343850356511,0.01873595448099467
cv,1,0.31535904165691686,0.6618237701689995,0.02281718817408358
cv,1,0.2824906907164605,0.6854684594497005,0.03204084983383902
cv,0,0.6700507656446464,0.30616019348002965,0.023789040875324154
cv,0,0.6393527333286879,0.34502202506626134,0.015625241605050733
cv,1,0.2913959372953655,0.6841662538872121,0.024437808817422402
cv,0,0.7264988309733897,0.24482362561561075,0.028677543410999613
cv,2,0.5755206504827863,0.22663853666562322,0.19784081285159044
cv,0,0.6549563881554696,0.3170835321748424,0.027960079669687776
cv,1,0.3459206531399171,0.5574302481233818,0.096649098736701
cv,1,0.6663865364941167,0.3173625444499461,0.016250919055937056
cv,0,0.3104810476533258,0.1290898497086907,0.5604291026379835
cv,0,0.5532026750457404,0.40573180931686686,0.04106551563739271
cv,1,0.6735105349404737,0.30710972528886016,0.019379739770666055
cv,0,0.6928313001277149,0.27326925254797496,0.03389944732431018
cv,1,0.4335837883096776,0.5560354757592757,0.010380735931046605
cv,2,0.29318416197594577,0.27875614090577505,0.4280596971182791
cv,0,0.6705070695524065,0.3141923102949666,0.015300620152626903
cv,0,0.6561499960678049,0.31813653272613507,0.02571347120606001
cv,2,0.13684310191086949,0.07138910256142716,0.7917677955277034
cv,2,0.009818453246700035,0.009590724479807635,0.9805908222734923
cv,1,0.2254470574219818,0.7244539530891225,0.05009898948889556
cv,1,0.22705034457955048,0.7032970802682899,0.06965257515215975
cv,0,0.6451807321009573,0.3144849603816358,0.040334307517406784
cv,0,0.7930824741490673,0.17583251242084685,0.031085013430085823
cv,1,0.23082731724080796,0.7430618121491877,0.02611087061000441
cv,1,0.27687588896809,0.6405683587749574,0.08255575225695255
cv,0,0.6167750562633276,0.36501108701793145,0.018213856718740765
cv,2,0.3498098318802333,0.2414656250550395,0.40872454306472716
cv,0,0.6072076238553341,0.3724758041113439,0.020316572033321954
cv,1,0.284118678137464,0.67946982723915,0.03641149462338593
cv,0,0.46650332704687064,0.397462484992952,0.13603418796017738
cv,1,0.6983921247745473,0.27893228147958793,0.02267559374586483
cv,1,0.47102526136834433,0.47969277223447165,0.04928196639718402
cv,0,0.47226579900860327,0.33569617859524087,0.1920380223961558
cv,1,0.40662505271972665,0.5610662251302262,0.032308722150047084
cv,1,0.1985751796448028,0.7355366598393468,0.06588816051585039
cv,0,0.6759834184639434,0.30683925967074305,0.017177321865313604
cv,0,0.6348495886157199,0.34831355556863375,0.0168368558156464
cv,1,0.3672816445782217,0.621972594498676,0.010745760923102355
cv,1,0.24071686573154039,0.5861753992317417,0.17310773503671792
cv,1,0.172085517608543,0.8122334269410704,0.015681055450386665
cv,1,0.6435948707609705,0.3150716478810293,0.041333481358000065
cv,0,0.6751561578089827,0.3115711664979635,0.013272675693053829
cv,1,0.5264264481831169,0.42285238934334385,0.050721162473539194
cv,1,0.531228100120842,0.4523027654551444,0.016469134424013654
cv,2,0.1498818709173612,0.11900967467581354,0.7311084544068253
cv,1,0.5097189338471407,0.4445824437896255,0.04569862236323373
cv,1,0.2666879436294859,0.6744527240213296,0.05885933234918452
cv,1,0.4636903106439079,0.5281984841204214,0.008111205235670785
cv,1,0.36345646517023106,0.6241515711168831,0.012391963712885748
cv,1,0.5243399101536863,0.4639002661484023,0.011759823697911368
cv,1,0.3353477317413197,0.642674482647187,0.02197778561149325
cv,1,0.21189633266804409,0.7295296438714828,0.05857402346047312
cv,1,0.638962499085976,0.34981881309003604,0.011218687823987942
cv,0,0.7134091782445543,0.2748997467300079,0.01169107502543784
cv,0,0.7103452274690002,0.2693919177938048,0.02026285473719487
cv,0,0.6222543817309286,0.361121433539908,0.01662418472916339
cv,1,0.5561976876413427,0.37874919462117906,0.06505311773747835
cv,0,0.7125625577047658,0.2742833067607649,0.01315413553446929
cv,1,0.6184310341973208,0.36238085518063234,0.019188110622046953
cv,1,0.6186263473185568,0.3672767000084407,0.014096952673002486
cv,1,0.6834589623545714,0.257910505046376,0.05863053259905253
cv,1,0.41035720124551683,0.5825639044772153,0.007078894277267987
cv,1,0.30416405923353984,0.28778710592829976,0.40804883483816035
cv,1,0.6896589373182518,0.300354472427369,0.009986590254379191
cv,1,0.22255026585620766,0.7471219692193521,0.030327764924440153
cv,0,0.7360845322447481,0.22835028880958363,0.03556517894566823
cv,0,0.5935847379467648,0.2806427812322611,0.12577248082097403
cv,0,0.6622220197950929,0.31904865162118945,0.0187293285837176
cv,0,0.6821070753102039,0.2926935877499945,0.025199336939801642
cv,1,0.26721233814742607,0.6968888324757063,0.0358988293768676
cv,0,0.6615247486119012,0.32249080483165604,0.015984446556442638
cv,0,0.5493730288589023,0.3037895610988771,0.1468374100422205
cv,1,0.5311977304415767,0.4296377190827182,0.03916455047570511
cv,1,0.268142249775614,0.7133750632999885,0.01848268692439753
cv,0,0.775328559208192,0.21840979334693875,0.006261647444869155
cv,0,0.5554564136262912,0.4192553568115838,0.025288229562125047
cv,0,0.7287256977641172,0.26346967276728217,0.007804629468600432
cv,2,0.035104222881687665,0.020899345610576704,0.9439964315077356
cv,1,0.4222602872369494,0.570817134796168,0.006922577966882735
cv,1,0.421182623732696,0.5704168324169882,0.008400543850315826
cv,2,0.20173312721277026,0.1122645022414932,0.6860023705457367
cv,0,0.4770248392568594,0.4149504785509312,0.10802468219220943
cv,2,0.22966017262936372,0.07160393991922095,0.6987358874514153
cv,1,0.34702404298807293,0.6396961000200383,0.013279856991888859
cv,1,0.5947072294706611,0.3626906856624113,0.04260208486692767
cv,0,0.4571126661110755,0.5335296460445732,0.009357687844351422
cv,1,0.7505115032446344,0.24006096605405972,0.009427530701305857
cv,0,0.7180268193179254,0.26959314742627205,0.01238003325580252
cv,1,0.5547113719549994,0.36765228477343054,0.07763634327156996
cv,0,0.7790818597041471,0.20420922366621416,0.016708916629638686
cv,0,0.5156322362434643,0.46522424388292694,0.019143519873608766
cv,1,0.22801877698309717,0.7410552913620254,0.03092593165487737
cv,1,0.6850500189857194,0.29881228087632394,0.016137700137956717
cv,2,0.4247660451179301,0.3199756050567889,0.255258349825281
cv,0,0.7301181305033092,0.2579011536729122,0.011980715823778488
cv,0,0.5933732663392723,0.38381736586515375,0.022809367795573954
cv,0,0.3501959108369538,0.6091497122694158,0.04065437689363042
cv,0,0.2657169239919065,0.7191227537014934,0.015160322306600128
cv,1,0.49954167407435845,0.4754584242105658,0.024999901715075802
cv,1,0.21230515668877228,0.7505453694100345,0.03714947390119331
cv,0,0.6174382070468546,0.3610327577738585,0.021529035179286917
cv,1,0.19251525314232937,0.7577376263492257,0.049747120508445056
cv,1,0.1492748348862868,0.7932354988136218,0.05748966630009154
cv,0,0.6384419987984666,0.26169746455059106,0.09986053665094236
cv,1,0.1887385760172695,0.7985504033364086,0.012711020646322038
cv,0,0.5047026251365788,0.269226934514755,0.22607044034866605
cv,0,0.4393328208770056,0.5522262261086013,0.008440953014393219
cv,2,0.01858805318921427,0.05503012344743955,0.9263818233633462
cv,0,0.3805424773642222,0.613339425152852,0.006118097482925791
cv,2,0.554203736776615,0.26823323722436554,0.17756302599901935
cv,0,0.5501577846688923,0.4294428917596232,0.02039932357148462
cv,0,0.7452154654450646,0.2478122960077168,0.006972238547218626
cv,0,0.540679235711551,0.4290802174547492,0.030240546833699828
cv,1,0.4475786149107691,0.45822806372178404,0.09419332136744701
cv,0,0.3250581497250821,0.5231828374661877,0.15175901280873005
cv,1,0.6814873650863882,0.24735030819810006,0.07116232671551166
cv,1,0.2046946145467155,0.4408540641435595,0.354451321309725
cv,1,0.2293964109385153,0.7530867026828384,0.017516886378646408
cv,1,0.2119741960825373,0.7773053363738471,0.010720467543615586
cv,1,0.282208572880634,0.6513019249711769,0.06648950214818908
cv,2,0.47544394203332263,0.33856323329692467,0.18599282466975273
cv,0,0.7904486522029155,0.2007912807851524,0.008760067011932089
cv,0,0.7633059469217961,0.20635588854086837,0.030338164537335587
cv,2,0.18140398498450816,0.05534534340241358,0.7632506716130782
cv,1,0.2457093954130359,0.7224349437698171,0.0318556608171469
cv,1,0.17839859715459594,0.7405273849489316,0.08107401789647249
cv,0,0.5292857448787259,0.3324898432706441,0.1382244118506299
cv,0,0.6610431982853617,0.30465938411169796,0.034297417602940264
cv,1,0.3942301167763696,0.5749415768812691,0.0308283063423612
cv,0,0.397443219357044,0.31848842201697736,0.28406835862597857
cv,0,0.7222346888121317,0.26109522897100257,0.016670082216865785
cv,1,0.6369647514016671,0.32499106759467095,0.03804418100366192
cv,0,0.6724962338279799,0.3098308542259302,0.01767291194608983
cv,2,0.33245620683174204,0.23939887138750438,0.4281449217807535
cv,2,0.5417499127828139,0.2547831995629792,0.20346688765420687
cv,0,0.6998170034027813,0.29265294738045156,0.0075300492167671654
cv,0,0.7260414444404247,0.2647680235479935,0.009190532011581641
cv,2,0.6989709395463106,0.1534659219193628,0.14756313853432665
cv,0,0.4242167455284789,0.43661633469775235,0.1391669197737687
cv,1,0.48032753668112493,0.4958735203197316,0.023798942999143462
cv,0,0.5849200090141651,0.40257940681577137,0.01250058417006352
cv,0,0.5534226922655279,0.2908619238842153,0.15571538385025693
cv,0,0.7268690554278677,0.26145953942299877,0.011671405149133415
cv,1,0.689931040243325,0.28749059102775815,0.02257836872891683
cv,1,0.08404448515333522,0.8537596561230834,0.062195858723581396
cv,0,0.6328655217411611,0.3335691750990888,0.03356530315975008
cv,1,0.5415296345285545,0.28360815863242866,0.17486220683901663
cv,1,0.06364866458046195,0.9336945904864917,0.0026567449330463953
cv,0,0.49424811523246615,0.4581818083022428,0.04757007646529105
cv,2,0.5062954760387329,0.3785754090628466,0.11512911489842041
cv,0,0.6334542975897375,0.27365561456632387,0.09289008784393879
cv,0,0.16555868166635507,0.7656934617242095,0.0687478566094355
cv,0,0.3334819241418587,0.6544122585727019,0.012105817285439293
cv,0,0.7346847413093066,0.2569194923838046,0.00839576630688876
cv,0,0.739483951755545,0.25190546484765325,0.00861058339680169
cv,0,0.2808166237836652,0.6821844563578925,0.03699891985844237
cv,0,0.7091138410019234,0.2749434687353357,0.015942690262740766
cv,0,0.2395096402743373,0.6235118898016133,0.13697846992404936
cv,0,0.5645445645424031,0.4080872460124886,0.02736818944510839
cv,0,0.2630611139868273,0.6963526943695375,0.04058619164363522
cv,0,0.4072270222793074,0.18240833254814684,0.41036464517254584
cv,1,0.6111432075494502,0.362586230217687,0.026270562232862782
cv,1,0.5437900556932492,0.23521868467523185,0.2209912596315189
cv,1,0.4256429501422847,0.5690224279022381,0.005334621955477186
cv,1,0.7082419886943503,0.2807719586008549,0.010986052704794797
cv,0,0.6807597362402266,0.3052584494016334,0.013981814358139902
cv,0,0.7400358598387825,0.25134995283915995,0.008614187322057439
cv,0,0.2453938616179781,0.7519539840310256,0.0026521543509963256
cv,2,0.3766421176146689,0.30364112522503384,0.31971675716029724
cv,0,0.5653018834975465,0.2842715508221575,0.15042656568029594
cv,0,0.1966417858508626,0.7014026826397459,0.10195553150939154
cv,0,0.21053736354433003,0.6694702613985323,0.11999237505713778
cv,0,0.2485473836471089,0.7473825159774028,0.004070100375488323
cv,2,0.28061066726607936,0.29254145091993367,0.426847881813987
cv,0,0.6636954323538353,0.32469342533913126,0.01161114230703331
cv,1,0.68196574361511,0.29305608578752185,0.024978170597368166
cv,0,0.2833766483239234,0.6839335215563411,0.03268983011973557
cv,2,0.6721000081807098,0.3076382741894731,0.020261717629817138
cv,1,0.2837489204381991,0.5886894878577026,0.12756159170409825
cv,1,0.31171954806511704,0.6762717823529945,0.01200866958188855
cv,1,0.7181330436756287,0.21350352040015513,0.06836343592421609
cv,1,0.2878443167283983,0.6869659284145052,0.02518975485709663
cv,1,0.3202684535552868,0.6608996893898131,0.018831857054900016
cv,0,0.6639206825066937,0.3190750672670557,0.017004250226250628
cv,0,0.7492295887011935,0.24187906656856292,0.008891344730243557
cv,0,0.5837733867338483,0.4023656831750144,0.013860930091137346
cv,1,0.25706486162456843,0.7330747120365178,0.00986042633891379
cv,1,0.5253186208023524,0.4115929495601919,0.06308842963745591
cv,0,0.6985698738953483,0.2916446198311321,0.009785506273519606
cv,1,0.6283241425734569,0.33710480338480603,0.034571054041736986
cv,1,0.6421198292512609,0.3360319740517102,0.021848196697028876
cv,0,0.47408668461444475,0.46176449008872267,0.06414882529683265
cv,2,0.46561033362680054,0.18915285366913195,0.3452368127040676
cv,0,0.6305312439979514,0.28229532671347224,0.08717342928857641
cv,0,0.3417581992195519,0.6049178441833578,0.053323956597090175
cv,1,0.3479126611169077,0.4989578813783183,0.15312945750477405
cv,1,0.433508400149193,0.5568068591799994,0.009684740670807471
cv,2,0.3228354806244251,0.36041071071944797,0.3167538086561269
cv,1,0.6215303373905271,0.35468506923393023,0.023784593375542614
cv,1,0.3118205396189586,0.6125404636053754,0.07563899677566595
cv,1,0.2489104332663631,0.7156717837574494,0.03541778297618735
cv,0,0.6555107374424444,0.3044831435737493,0.040006118983806384
cv,1,0.7175195203509892,0.26919235228963856,0.013288127359372296
cv,0,0.628434455782312,0.33462670204468226,0.036938842173005734
cv,0,0.572569044857888,0.383444962558549,0.04398599258356294
cv,1,0.6965333124600355,0.28499474104373185,0.01847194649623258
cv,0,0.5196815418707856,0.27903051137484824,0.20128794675436618
cv,1,0.4912649292037893,0.3322670519657209,0.17646801883048985
cv,1,0.24791285979629496,0.7376190823563629,0.014468057847342269
cv,0,0.8125170379969724,0.18285252615712405,0.004630435845903635
cv,0,0.6493229819857692,0.24647178228538222,0.10420523572884857
cv,1,0.4037999738798382,0.4508413408499702,0.14535868527019172
cv,0,0.3193525437415409,0.6632085445465169,0.01743891171194223
cv,0,0.7227161166209692,0.27011753236234604,0.007166351016684747
cv,0,0.5679125731717918,0.3988198097708306,0.033267617057377595
cv,1,0.2525240050254638,0.7170855977360664,0.030390397238469802
cv,2,0.19536589972226437,0.739305074242507,0.06532902603522854
cv,1,0.16013933993463983,0.7988888962053113,0.040971763860048936
cv,0,0.6371405649806814,0.3358003068060342,0.02705912821328445
cv,1,0.49447850677486704,0.5028153324186925,0.00270616080644051
cv,0,0.6562645257422368,0.24714675683666396,0.09658871742109917
cv,0,0.7187102277501298,0.2685876040783831,0.01270216817148711
cv,0,0.7033153621067164,0.2780582064634913,0.018626431429792274
cv,0,0.5862407405383138,0.34311450060823306,0.07064475885345309
cv,0,0.20347246925310541,0.739455551559976,0.05707197918691864
cv,0,0.5888952759264933,0.21738312931093695,0.1937215947625698
cv,1,0.4976454399204604,0.37159357818527294,0.13076098189426663
cv,0,0.83399757351315,0.16044482860271506,0.005557597884134891
cv,1,0.29634258918706646,0.6774659523077751,0.02619145850515848
cv,2,0.27173776870983335,0.27308735783610977,0.4551748734540569
cv,1,0.2395097437433959,0.7055848007871723,0.054905455469431784
cv,1,0.2523497291448056,0.7037526935550174,0.04389757730017706
cv,0,0.6888268606812658,0.22005554049904066,0.09111759881969356
cv,1,0.30283237514186656,0.6323938426430041,0.06477378221512933
cv,0,0.6566882971770793,0.202819602787432,0.14049210003548862
cv,1,0.3940399756745358,0.6003742980994858,0.005585726225978346
cv,0,0.28329612092627626,0.6871465201578156,0.02955735891590801
cv,0,0.5677063305582053,0.4171018324006036,0.015191837041191045
cv,0,0.41159437277627386,0.55148452855387,0.036921098669856225
cv,0,0.6039834287808827,0.38187023261926833,0.014146338599848976
cv,0,0.5206676383711086,0.30398655475144515,0.1753458068774462
cv,0,0.5967049952365531,0.33241640050883114,0.07087860425461576
cv,0,0.5514474938554553,0.21563678604774247,0.2329157200968023
cv,1,0.7161065551378453,0.27487754993465086,0.009015894927503843
cv,0,0.2500137267886501,0.7046010559269131,0.04538521728443672
cv,2,0.3325502214645694,0.20433892761378777,0.46311085092164284
cv,1,0.2190347281221719,0.7436202991890873,0.03734497268874085
cv,0,0.7572361302028944,0.2329700946049873,0.00979377519211833
cv,0,0.7129034393592398,0.2740084410695586,0.013088119571201522
cv,1,0.4867133892571459,0.48337073984582657,0.029915870897027387
cv,2,0.3093866546713561,0.6691652725792465,0.021448072749397397
cv,0,0.5259860939499523,0.4453249872611103,0.028688918788937416
cv,0,0.6825795183141496,0.3076556421103948,0.009764839575455608
cv,1,0.3117896886900646,0.6587119409178337,0.029498370392101618
cv,0,0.6991116390351989,0.2791109599939069,0.02177740097089427
cv,0,0.49368503293011284,0.20990166590176287,0.2964133011681243
cv,0,0.5645393857682766,0.41088080025188445,0.024579813979838817
cv,1,0.5740822897796376,0.39385106653271573,0.0320666436876467
cv,2,0.016740674083044034,0.9598524701387683,0.023406855778187532
cv,0,0.15398114748010533,0.6205655136508312,0.22545333886906332
cv,0,0.2634141410883988,0.7293726594302844,0.007213199481316879
cv,0,0.5399019061007347,0.4375078084516236,0.022590285447641738
cv,0,0.5531118770570732,0.4211829455267015,0.025705177416225237
cv,1,0.38927248681004334,0.5921042589430866,0.018623254246870162
cv,1,0.6851642208571533,0.2984654648760385,0.01637031426680814
cv,0,0.28055026004112005,0.7096735595688928,0.009776180389987017
cv,0,0.6223714481496396,0.2209099166205939,0.15671863522976656
cv,0,0.7127422566034791,0.2754059524114631,0.011851790985057703
cv,0,0.5302313045289087,0.29573772591962333,0.174030969551468
cv,1,0.16324976186286969,0.7451962336300202,0.09155400450711008
cv,0,0.6470636498100317,0.3299595612079953,0.02297678898197291
cv,0,0.3544086335572664,0.6302447986655105,0.015346567777223092
cv,0,0.717786397348785,0.27197201419209094,0.010241588459124103
cv,0,0.6908479063484865,0.2606699446138222,0.04848214903769138
cv,0,0.7061586978391863,0.28023152976713683,0.013609772393676885
cv,1,0.3607791492361868,0.6296485744729907,0.009572276290822423
cv,1,0.23027341759141934,0.7582004888254429,0.011526093583137744
cv,0,0.6924666138825032,0.19126318157527417,0.11627020454222273
cv,1,0.28464895902035536,0.6808748856445497,0.03447615533509503
cv,0,0.5309720281176228,0.24485139206180878,0.22417657982056852
cv,0,0.6185851807958339,0.3564994152338038,0.024915403970362283
cv,0,0.6090974481504833,0.32067213013688817,0.07023042171262847
cv,0,0.7311128083769478,0.18620904916454814,0.0826781424585041
cv,1,0.5081898949281135,0.482281887112312,0.009528217959574451
cv,1,0.2931401233553782,0.6978875731699816,0.00897230347464021
cv,0,0.32578204838652963,0.20039349708714024,0.4738244545263301
cv,0,0.6235163351424754,0.25449189003040484,0.12199177482711987
cv,1,0.20851834323919874,0.76261938777362,0.02886226898718112
cv,1,0.3372059699285182,0.3027724309083674,0.3600215991631143
cv,1,0.5501239018281321,0.39643478132194304,0.05344131684992487
cv,0,0.6400876675576146,0.2710739554844899,0.08883837695789557
cv,0,0.43337826805817503,0.48968080709183515,0.07694092484998985
cv,1,0.1942679861198572,0.7940760922171487,0.01165592166299416
cv,2,0.2246200457941409,0.1675954410847672,0.6077845131210918
cv,0,0.66579383204951,0.31085493716480467,0.023351230785685344
cv,1,0.48011132005286355,0.48182954095618974,0.03805913899094663
cv,1,0.26793446952869393,0.7155732388495404,0.01649229162176565
cv,0,0.49455960561921525,0.4530584593211883,0.052381935059596416
cv,0,0.5203792338168719,0.42815537750572386,0.051465388677404376
cv,0,0.6422998788473977,0.34217638886649854,0.015523732286103775
cv,1,0.3976414536426265,0.5945232272346358,0.007835319122737707
cv,0,0.7051065607642768,0.28249457828413627,0.012398860951586979
cv,2,0.4581271001244172,0.29568946090896364,0.24618343896661918
cv,0,0.4218615250301177,0.5702158378246862,0.007922637145196039
cv,0,0.6869579001807818,0.2998978754305985,0.013144224388619726
cv,0,0.6415837692044631,0.3341908820386873,0.024225348756849684
cv,0,0.5773737638536237,0.3756427965500865,0.046983439596289846
cv,0,0.5928487242795314,0.38779847115856914,0.019352804561899282
cv,1,0.18633660234938582,0.768649852385603,0.045013545265011265
cv,0,0.6346190581602922,0.3295994388494158,0.035781502990291966
cv,0,0.644797919872785,0.21024143538120263,0.1449606447460122
cv,2,0.13240719713478447,0.23821524781928574,0.6293775550459297
cv,1,0.43817470684166154,0.4917636191297903,0.07006167402854827
cv,0,0.688381014418642,0.2954671748089626,0.01615181077239533
cv,0,0.3161045072454757,0.6481210945186573,0.03577439823586693
cv,0,0.8078830446463213,0.187703007962766,0.004413947390912732
cv,2,0.1168495558576862,0.1809156966250772,0.7022347475172366
cv,0,0.7172397573437979,0.2729387048281532,0.009821537828048899
cv,1,0.5475414221247259,0.3775089185685906,0.07494965930668358
cv,0,0.31068332758666284,0.6751290518030894,0.01418762061024798
cv,1,0.6205129589497583,0.2603762786070507,0.11911076244319094
cv,0,0.7698768083703261,0.21847498029468282,0.011648211334991002
cv,2,0.4783149475137233,0.43978569938737044,0.08189935309890622
cv,1,0.20586034842901918,0.7535251269318284,0.04061452463915255
cv,0,0.6445265024108476,0.33207535781156033,0.023398139777592124
cv,0,0.6718875691486559,0.30067436987513096,0.027438060976213024
cv,1,0.330938311770274,0.6346269680396007,0.03443472019012528
cv,0,0.6868193687514241,0.29471009363130146,0.018470537617274428
cv,0,0.7194720592967782,0.27032936664630675,0.010198574056915086
cv,0,0.6206649173511258,0.34472776031970837,0.03460732232916583
cv,0,0.6196312095802289,0.3594315371075691,0.020937253312202017
cv,0,0.3002274684326695,0.5874340635337505,0.11233846803358005
cv,1,0.3297405492975166,0.6583190604110722,0.011940390291411241
cv,0,0.6545911943301018,0.328210982828653,0.017197822841245287
cv,1,0.7849842221998153,0.20456524899613968,0.010450528804044902
cv,0,0.6993429625823702,0.2887946605601165,0.011862376857513363
cv,0,0.7223922010010508,0.2665519643368047,0.011055834662144378
cv,0,0.6655812559096792,0.31604524055489736,0.018373503535423445
cv,0,0.6101658721989541,0.3616634667401762,0.028170661060869694
cv,1,0.29676936166806306,0.6456114034252569,0.05761923490668007
cv,0,0.3939639080899108,0.5710738549392121,0.034962236970877074
cv,1,0.7700180072525507,0.22423306769507395,0.005748925052375272
cv,0,0.5059257660862777,0.4869670986235494,0.007107135290172896
cv,1,0.7421973926256854,0.24977183420705945,0.008030773167255135
cv,0,0.6467648032269772,0.3294606274990377,0.023774569273985146
cv,1,0.5529791064869076,0.41453986227572254,0.032481031237369805
cv,0,0.3432948017933175,0.6469001927017277,0.00980500550495482
cv,2,0.5281749508387434,0.31845183768820884,0.1533732114730478
cv,0,0.7419210139319797,0.25038210262051547,0.007696883447504887
cv,0,0.5089833280073165,0.1920562860568106,0.298960385935873
cv,0,0.7693572763215757,0.21720282878416564,0.013439894894258664
cv,0,0.8126986566130221,0.17268305555776622,0.01461828782921179
cv,0,0.3370975152765726,0.6486763347159579,0.014226150007469495
cv,0,0.34563528739534355,0.6342410724885401,0.020123640116116445
cv,1,0.7149730428837098,0.27385117367404993,0.011175783442240312
cv,1,0.2912532202780625,0.6812139490432124,0.027532830678725185
cv,0,0.46483738665782093,0.5163817037555918,0.018780909586587104
cv,1,0.18840853260401655,0.7502594599046455,0.061332007491337825
cv,0,0.447566901955246,0.3014211565590672,0.2510119414856868
cv,0,0.6950804332951337,0.29400129371977635,0.01091827298509
cv,1,0.65777548035648,0.3266172000696912,0.015607319573828821
cv,0,0.6895427960861538,0.27821266215910645,0.032244541754739835
cv,0,0.6795546889723363,0.30877501860186907,0.011670292425794676
cv,0,0.4167411689205173,0.5775414969790599,0.0057173341004227145
cv,1,0.2944287949826853,0.6469555038760291,0.058615701141285614
cv,1,0.21695318859187243,0.7564468135281542,0.02659999787997338
cv,0,0.7763505077130846,0.21025656646102245,0.013392925825893135
cv,0,0.7087731008489595,0.2823585464346701,0.008868352716370511
cv,1,0.3788704141887131,0.6144698739565586,0.0066597118547281845
cv,0,0.6024729179779765,0.3457990634785446,0.05172801854347888
cv,0,0.604315659146131,0.37052037599954024,0.025163964854328848
cv,0,0.7602684212885397,0.22287191474549237,0.01685966396596806
cv,1,0.8219694857438983,0.16956595161262059,0.00846456264348121
cv,0,0.6890939137992677,0.2889495857618155,0.021956500438916886
cv,1,0.41782703765808,0.5358848009477132,0.04628816139420676
cv,0,0.7529767207292688,0.23899708925693477,0.008026190013796371
cv,0,0.7092573967174042,0.27436254695589124,0.01638005632670456
cv,0,0.6800686071468746,0.3116098643613124,0.008321528491813123
cv,0,0.7438541206518148,0.2505001322330779,0.005645747115107234
cv,0,0.6701286818224272,0.27903175199006097,0.05083956618751181
cv,1,0.5932310417588728,0.23428049635748865,0.1724884618836385
cv,0,0.6842331661810439,0.30532566339037676,0.010441170428579213
cv,1,0.3722098518689637,0.620682768793508,0.007107379337528394
cv,1,0.2291321766671855,0.7351164634901737,0.03575135984264069
cv,0,0.5138045476743731,0.4710683840878803,0.015127068237746488
cv,1,0.18883915975033502,0.7742065287999866,0.03695431144967822
cv,1,0.8216203840333327,0.1678639575578764,0.010515658408790854
cv,0,0.04024957144675242,0.011082525983352836,0.9486679025698947
cv,0,0.6242752096740691,0.3575383184260238,0.018186471899907086
cv,0,0.08878213186556197,0.3653795288918126,0.5458383392426254
cv,1,0.5494863172812867,0.34193344103107826,0.10858024168763496
cv,0,0.6636036941971064,0.3202571206206866,0.016139185182206816
cv,0,0.5937957730032799,0.3895072818048121,0.016696945191908015
cv,0,0.739286865407459,0.2549681093353794,0.005745025257161535
cv,0,0.5697904667701532,0.2889358031798795,0.1412737300499674
cv,1,0.17436184721836284,0.7694203940741311,0.056217758707506074
cv,0,0.5180242456251556,0.4583107360495706,0.023665018325273783
cv,1,0.7040563724870245,0.2884698709199084,0.007473756593067246
cv,0,0.1786839234715101,0.7484020045096856,0.07291407201880425
cv,0,0.49589138010251715,0.4443991511136679,0.05970946878381493
cv,2,0.5032600266007344,0.3435232391310208,0.1532167342682447
cv,0,0.7352632922614771,0.2153636170682947,0.04937309067022814
cv,0,0.878025514488708,0.1109131202726393,0.011061365238652681
cv,1,0.22122647932957168,0.7659977610614728,0.012775759608955545
cv,1,0.762342278207431,0.23391506654925537,0.0037426552433137148
cv,1,0.31550903137251457,0.6676903842055697,0.016800584421915798
cv,1,0.6589673507429709,0.3285623861641825,0.012470263092846634
cv,0,0.6652703429977308,0.21842777513242356,0.11630188186984558
cv,2,0.42675930388352123,0.4873937818246503,0.08584691429182846
cv,1,0.7011402798290549,0.2852398851335486,0.013619835037396586
cv,0,0.6011879196289502,0.34764120727727627,0.051170873093773474
cv,0,0.674995498897256,0.30747121742631134,0.017533283676432754
cv,0,0.5178726572061383,0.4438116449816506,0.038315697812211134
cv,0,0.6647931103608155,0.31930595409660967,0.015900935542574893
cv,0,0.4061024207684646,0.3913756312543774,0.20252194797715797
cv,0,0.5319963849086877,0.4285374735539049,0.03946614153740731
cv,2,0.10892919283895404,0.0954278496646094,0.7956429574964365
cv,1,0.4098880182055571,0.42272600756602197,0.167385974228421
cv,0,0.3679376071220205,0.6265271539804123,0.005535238897567295
cv,0,0.6511582243430402,0.2738821202988846,0.07495965535807525
cv,1,0.7601280316182126,0.22046609780320375,0.019405870578583572
cv,0,0.6763274154285742,0.3174298759969868,0.006242708574438992
cv,1,0.30766592944673865,0.6788280138854672,0.0135060566677941
cv,0,0.5801725903024466,0.2663437952458991,0.15348361445165437
cv,1,0.675944215953092,0.30516411837302565,0.018891665673882257
cv,0,0.7301584792989072,0.25442548427900535,0.015416036422087406
cv,0,0.24722310194210576,0.4354166435825061,0.31736025447538824
cv,1,0.7014829778767451,0.28656265264306435,0.011954369480190463
cv,0,0.679621721411838,0.30691973633865494,0.013458542249507047
cv,1,0.7287287377845693,0.2599047891605755,0.01136647305485509
cv,1,0.6528568438576452,0.3240643736908384,0.023078782451516427
cv,1,0.6081306452847663,0.3781033842023514,0.013765970512882331
cv,0,0.6931293781886166,0.2967337944962331,0.010136827315150296
cv,0,0.014236908721809374,0.029745054807291598,0.9560180364708991
cv,1,0.7899873160837502,0.20409686046978778,0.00591582344646214
cv,0,0.5993557299909098,0.29372295783508384,0.10692131217400631
cv,1,0.03198123236469304,0.9466231681564435,0.021395599478863384
cv,0,0.5829170464339215,0.3812980725522113,0.03578488101386732
cv,1,0.720696118801088,0.267411272858086,0.01189260834082611
cv,0,0.34661471690418966,0.6440544676477495,0.00933081544806077
cv,1,0.29593313179773506,0.07417286248692348,0.6298940057153415
cv,1,0.07516798503170226,0.08349372057035157,0.8413382943979462
cv,0,0.6497515971752417,0.3435447361436011,0.006703666681157206
cv,1,0.697431514120223,0.28050828292365104,0.02206020295612596
cv,1,0.45750783784716675,0.5383451758418796,0.0041469863109538
cv,1,0.7221720418113717,0.26265870325781127,0.015169254930816995
cv,0,0.6296405183518025,0.21835031372222388,0.1520091679259737
cv,1,0.5418677572772183,0.271117109393986,0.18701513332879585
cv,0,0.6725458512937349,0.3001902421380772,0.027263906568187952
cv,1,0.4808062489426324,0.4938004241062143,0.02539332695115328
cv,0,0.5925295400726188,0.3812209805582213,0.026249479369159993
cv,0,0.6871805760922867,0.3022301347520119,0.010589289155701578
cv,1,0.3967552306567089,0.4388203828309273,0.16442438651236368
cv,0,0.4260752509192276,0.5429305109443092,0.030994238136463258
cv,1,0.6534380272986707,0.32773322762673074,0.01882874507459842
cv,2,0.33134244063983975,0.31939031621494285,0.3492672431452174
cv,1,0.6345216112845513,0.2525641203439423,0.11291426837150635
cv,0,0.5278960620559202,0.4360897284245372,0.0360142095195426
cv,1,0.5438109580196352,0.3972451787019618,0.05894386327840297
cv,1,0.6075686851160084,0.34327041565751004,0.049160899226481626
cv,0,0.4533620818384844,0.500461223369675,0.046176694791840604
cv,0,0.6280089111385668,0.3597165382508518,0.012274550610581374
cv,0,0.57511055420187,0.4120496586318151,0.012839787166315047
cv,0,0.716747903043138,0.2684932144067764,0.014758882550085728
cv,1,0.20060698552979805,0.76364171298081,0.035751301489391915
cv,1,0.3917455115553777,0.27450106846261024,0.33375341998201213
cv,2,0.22633420490327416,0.09309056916150754,0.6805752259352182
cv,0,0.38465341607532894,0.6075845249990633,0.007762058925607773
cv,0,0.7189679620249315,0.2684255708510317,0.012606467124036819
cv,0,0.6279804103259805,0.27053310257155844,0.10148648710246097
cv,1,0.34062105905217105,0.590424309267396,0.068954631680433
cv,1,0.5729514022718306,0.39562777701068647,0.03142082071748292
cv,0,0.5906102858691402,0.3113380931321804,0.09805162099867937
cv,0,0.6621809451499704,0.3238007237804755,0.014018331069554099
cv,2,0.5334540292599311,0.2426212277624827,0.22392474297758608
cv,0,0.6087841949903985,0.25733783480621886,0.13387797020338263
cv,0,0.7160091112018533,0.18428951451916156,0.09970137427898529
cv,2,0.1288706475986607,0.07550712050505314,0.7956222318962862
cv,1,0.3591176210250521,0.6210861211682827,0.01979625780666524
cv,2,0.1889303025837223,0.22687490909842106,0.5841947883178568
cv,0,0.48264738534940327,0.32127870346801546,0.1960739111825812
cv,1,0.6353694816360538,0.34051073227115264,0.024119786092793704
cv,0,0.016831777550837628,0.02807551618770668,0.9550927062614557
cv,2,0.3301934927425889,0.17250854241520408,0.49729796484220695
cv,1,0.49094082709265185,0.43683942206046816,0.07221975084688012
cv,1,0.324181488541163,0.6661886309332263,0.009629880525610734
cv,0,0.5339633353902504,0.31854770477750055,0.14748895983224894
cv,0,0.6158060622383049,0.24990524417791016,0.13428869358378498
cv,1,0.326449849960113,0.17058512494747546,0.5029650250924116
cv,1,0.6480004294537463,0.31938551497619705,0.032614055570056685
cv,1,0.16908822868876974,0.7830739414719717,0.04783782983925851
cv,0,0.5893929523994801,0.3692043649767844,0.041402682623735344
cv,0,0.1572896357765762,0.49294317016006295,0.34976719406336076
cv,2,0.1078844441862535,0.08468038665835666,0.8074351691553898
cv,1,0.27572705554595894,0.7087040671007652,0.015568877353275728
cv,0,0.0055252048870713145,0.9698934309489147,0.024581364164014113
cv,0,0.34530570346049105,0.6496319043454616,0.005062392194047422
cv,0,0.3438626649079047,0.5277488428258116,0.12838849226628368
cv,0,0.6576298368311994,0.31747838300285974,0.024891780165940822
cv,1,0.7369118253877828,0.24819381154588926,0.014894363066327942
cv,0,0.7292011235298702,0.25554591943131566,0.015252957038814153
cv,1,0.7094029496884996,0.28117907720078106,0.009417973110719288
cv,1,0.33143504934999946,0.6580655493591164,0.010499401290884131
cv,0,0.646347856069757,0.3217740759789072,0.03187806795133584
cv,0,0.16682116417100304,0.6798956042892902,0.15328323153970683
cv,0,0.5816945460907658,0.40200014186710725,0.016305312042127092
cv,0,0.5713308992404089,0.39048997777481304,0.038179122984778054
cv,0,0.7534904561646686,0.22710377483818744,0.019405768997143875
cv,0,0.7021785853169535,0.28324573983034274,0.014575674852703715
cv,1,0.21313814784486537,0.7737469432561965,0.013114908898938099
cv,0,0.6969112318890129,0.29041812475727435,0.012670643353712674
cv,1,0.6464358700550787,0.33960527600505025,0.013958853939871164
cv,1,0.1557092109142971,0.780304726846278,0.06398606223942484
cv,0,0.7157010182306629,0.2718323139684909,0.012466667800846255
cv,1,0.271766829559189,0.7141681578244292,0.014065012616381873
cv,1,0.079537039071324,0.8486573924741677,0.07180556845450828
cv,0,0.6512788532088332,0.33533662868144226,0.013384518109724583
cv,1,0.20752101395909076,0.7721063438640069,0.020372642176902343
cv,0,0.566362217856368,0.4000635312606723,0.033574250882959934
cv,0,0.2698128631806013,0.7232218733056462,0.006965263513752422
cv,1,0.4044956240605357,0.5548567859416329,0.040647589997831426
cv,0,0.2276014875516171,0.7631364589250416,0.00926205352334136
cv,0,0.5999961612600793,0.3619950857853923,0.038008752954528366
cv,1,0.5690948284238314,0.38632631763460723,0.044578853941561275
cv,0,0.21116295717855355,0.762463909253141,0.02637313356830535
cv,0,0.26607012609199476,0.7042056044566658,0.02972426945133938
cv,0,0.2565077225506466,0.2954679817672785,0.4480242956820749
cv,0,0.15969264661026622,0.8090145625797831,0.03129279080995078
cv,1,0.3854218606411829,0.6069832360323003,0.007594903326516809
cv,0,0.38548401222802003,0.5997680423191072,0.014747945452872668
cv,0,0.5037710002757596,0.456100727360729,0.04012827236351138
cv,1,0.24015537932693776,0.7462883262982001,0.01355629437486213
cv,0,0.6993792041488075,0.2902596225207707,0.010361173330421771
cv,1,0.3473249465944788,0.5758076171223034,0.07686743628321772
cv,0,0.7666195504975296,0.22943198854940197,0.003948460953068384
cv,0,0.6859966478772634,0.2994040028944892,0.014599349228247452
cv,0,0.4287426748293828,0.5539847552172684,0.017272569953348905
cv,0,0.6626121453630269,0.3227782849988134,0.01460956963815977
cv,0,0.4242956760995563,0.5697619939072387,0.005942329993204892
cv,0,0.6739965850121259,0.30489050342037466,0.021112911567499355
cv,1,0.6344019035110049,0.33775186267200547,0.027846233816989585
cv,2,0.13348236557818766,0.12698457586891826,0.7395330585528941
cv,0,0.6499863425080211,0.26415063044645193,0.08586302704552698
cv,0,0.7346380446991561,0.25060978422791613,0.014752171072927853
cv,2,0.10237747957668411,0.06487677956631441,0.8327457408570014
cv,0,0.7628034915732905,0.18550675477710174,0.0516897536496078
cv,0,0.43369998138328425,0.5330234402844198,0.03327657833229597
cv,2,0.37757806076908335,0.5049772587529976,0.11744468047791909
cv,0,0.4296721087877454,0.5636201945892323,0.006707696623022169
cv,2,0.0715186744717502,0.07022969970177961,0.8582516258264702
cv,0,0.5637593660677453,0.28680502262328184,0.14943561130897287
cv,0,0.6243297671743905,0.3365330569484456,0.039137175877163935
cv,2,0.2632855690199511,0.22956297905557704,0.5071514519244719
cv,0,0.7121444742035222,0.2746439284013035,0.013211597395174227
cv,0,0.6497635986539311,0.22164156311111208,0.12859483823495693
cv,1,0.1774172271764535,0.7549177585354616,0.06766501428808487
cv,0,0.5895054653672767,0.3767889062214351,0.033705628411288234
cv,0,0.1897960121940805,0.761525540450956,0.048678447354963496
cv,1,0.29258088976270247,0.6917285444293741,0.01569056580792339
cv,1,0.6558491833074747,0.31507728885534986,0.029073527837175418
cv,1,0.19582285862923654,0.7466215884071803,0.05755555296358319
cv,0,0.7183042359628496,0.2724209837259775,0.00927478031117292
cv,0,0.5468160780209188,0.364792750701867,0.08839117127721427
cv,2,0.6380629154498931,0.2208881248258891,0.14104895972421766
cv,0,0.6955132257762602,0.29089013863602575,0.013596635587714092
cv,2,0.3782236768888318,0.23010071857373662,0.39167560453743167
cv,2,0.34753722867145137,0.18783168669961237,0.46463108462893626
cv,0,0.672190306609374,0.31087108663150553,0.0169386067591205
cv,0,0.6921061228937038,0.22362645283075233,0.08426742427554387
cv,0,0.4055624795742214,0.5567248475941124,0.03771267283166614
cv,0,0.7184010666538658,0.27149976181015667,0.010099171535977499
cv,1,0.7470078973758885,0.23529195777128648,0.01770014485282522
cv,1,0.540747172575372,0.4257455076793371,0.03350731974529097
cv,1,0.2802605181805652,0.689285765490555,0.030453716328879783
cv,0,0.4327830823570489,0.5596606975553208,0.007556220087630345
cv,0,0.5147605081114631,0.3613827924426515,0.12385669944588533
cv,0,0.7165006083872718,0.27724032539407156,0.0062590662186566785
cv,0,0.5699363862287629,0.3508625528654131,0.07920106090582393
cv,0,0.6533343078323498,0.29734602477323024,0.04931966739441996
cv,0,0.6978199790212484,0.2871843150514026,0.01499570592734901
temporal,1,0.6691948385928446,0.31546473598450664,0.015340425422648522
temporal,1,0.24013720510738054,0.701845777622355,0.058017017270264336
temporal,1,0.2326560555795782,0.7267981248942816,0.04054581952614027
temporal,1,0.23359501071566197,0.7130750561773975,0.05332993310694045
temporal,0,0.3426618689610444,0.6460009142386993,0.011337216800256419
temporal,0,0.31587214715956624,0.6651293776811391,0.018998475159294596
temporal,0,0.5756492822891414,0.3755781800735925,0.048772537637266355
temporal,1,0.6029858517756631,0.3769905859913438,0.020023562232993054
temporal,1,0.6424520230906142,0.33652744667685863,0.021020530232527018
temporal,1,0.23713098578391906,0.7438424951772672,0.01902651903881377
temporal,2,0.2386303812722677,0.14781396063653213,0.6135556580912002
temporal,1,0.543268702039252,0.41838969983485075,0.03834159812589712
temporal,2,0.0791877137904308,0.19688506498391672,0.7239272212256525
temporal,1,0.11159034671291912,0.7681300755301861,0.12027957775689486
temporal,1,0.5453855155458438,0.25553353009148166,0.19908095436267464
temporal,0,0.4307356114426001,0.5245956158385032,0.04466877271889674
temporal,0,0.5387900898673177,0.3757358528657979,0.08547405726688442
temporal,1,0.21076386274649872,0.7392890773485739,0.049947059904927385
temporal,1,0.15552526373730682,0.7430052444131825,0.1014694918495107
temporal,0,0.7021183062521262,0.21439930781835354,0.08348238592952026
temporal,2,0.2686851674712999,0.33255470462842834,0.3987601279002718
temporal,0,0.6150909092120258,0.26000398509910194,0.12490510568887228
temporal,1,0.08077727295509049,0.8982032321225122,0.021019494922397366
temporal,0,0.5778746109063698,0.24622647444069817,0.17589891465293198
temporal,1,0.4246398213776522,0.4784878764307311,0.09687230219161666
temporal,2,0.06534119098973418,0.06916573521395061,0.8654930737963152
temporal,0,0.5367525498781519,0.30791877385401556,0.15532867626783262
temporal,1,0.655208846107772,0.2683130532744672,0.07647810061776081
temporal,1,0.31275747293407047,0.6122415122259699,0.0750010148399597
temporal,1,0.4532040858162529,0.4171495536123704,0.1296463605713766
temporal,1,0.26512452875482506,0.7224802625592813,0.012395208685893482
temporal,0,0.5178107778891823,0.39133843513365385,0.09085078697716385
temporal,0,0.6216990725181014,0.35914927485114406,0.019151652630754586
temporal,0,0.5941735362772543,0.3732934224582983,0.032533041264447525
temporal,0,0.672617509719676,0.3101074014303173,0.017275088850006684
temporal,1,0.19579080040249425,0.7073145367057544,0.09689466289175135
temporal,0,0.6386864647307455,0.34067852949801086,0.020635005771243803
temporal,1,0.8228713561972633,0.1568131856101803,0.02031545819255632
temporal,1,0.5737792670578402,0.26943535306776306,0.1567853798743965
temporal,1,0.5734591875792587,0.30858622517180273,0.11795458724893844
temporal,2,0.10835933876408146,0.19567851788234764,0.6959621433535709
temporal,1,0.40737716146898195,0.5758636242318251,0.01675921429919289
temporal,1,0.23755588613168985,0.7427678395125181,0.019676274355791955
temporal,1,0.5874519553138936,0.3829046271052389,0.02964341758086758
temporal,0,0.6437289614041511,0.3300828887491139,0.0261881498467349
temporal,0,0.5851478029527595,0.34967370206444287,0.06517849498279749
temporal,0,0.2446320116093609,0.14860734685581536,0.6067606415348237
temporal,1,0.33551615977832216,0.6534980982351642,0.010985741986513475
temporal,0,0.7374831777439685,0.2416521205502043,0.02086470170582707
temporal,0,0.6507036516875617,0.30856115108495963,0.04073519722747881
temporal,2,0.28526187342606435,0.24155358524018986,0.4731845413337458
temporal,0,0.5298071748727866,0.4450064946159967,0.025186330511216642
temporal,1,0.3189023877767172,0.6251889279392542,0.055908684284028586
temporal,0,0.6588041899950159,0.3239335998934566,0.017262210111527523
temporal,1,0.3310649524001169,0.6507870426788163,0.018148004921066822
temporal,1,0.6031564105357371,0.35777606231558956,0.03906752714867348
temporal,1,0.5226930896405355,0.45806404561284547,0.019242864746618977
temporal,1,0.6048108633394077,0.37683362344390603,0.01835551321668637
temporal,1,0.6496976134783499,0.33258335628725944,0.017719030234390785
temporal,0,0.5311621525938099,0.2824002427187663,0.18643760468742368
temporal,1,0.3977693960792391,0.5755403711697865,0.02669023275097427
temporal,0,0.4294375926277615,0.5588399992733308,0.011722408098907622
temporal,1,0.7719193309793384,0.21415702461961522,0.013923644401046634
temporal,0,0.47101394710131944,0.5050761704514081,0.023909882447272546
temporal,0,0.5077549733886328,0.44682727946004974,0.04541774715131748
temporal,0,0.23491085625967606,0.7408674799963161,0.024221663744007842
temporal,1,0.15603207057805474,0.7712984439971826,0.07266948542476236
temporal,1,0.6327586154321952,0.265505618951795,0.1017357656160097
temporal,1,0.20253098784337595,0.78520430640963,0.012264705746994136
temporal,0,0.693503255000324,0.27446780174703234,0.032028943252643785
temporal,0,0.49461158939309824,0.34803369580586974,0.15735471480103225
temporal,1,0.2536612625549674,0.7142995029027569,0.032039234542275655
temporal,2,0.4851360593466705,0.2964857648564373,0.2183781757968922
temporal,0,0.3904090402854004,0.46555585402509114,0.14403510568950845
temporal,0,0.6219892420687089,0.3571413039646866,0.020869453966604577
temporal,0,0.4572781757787703,0.3283083362346056,0.2144134879866241
temporal,0,0.48688724626648083,0.43960612111353503,0.07350663261998405
temporal,0,0.6022910254778344,0.27336070615190555,0.1243482683702601
temporal,0,0.6883908826227375,0.2986475707273151,0.012961546649947175
temporal,0,0.2599120972515564,0.6852831522270331,0.054804750521410525
temporal,1,0.7448811515343052,0.2395168083957425,0.01560204006995212
temporal,0,0.6598117256219218,0.32193631181221416,0.018251962565863946
temporal,0,0.7433215548228256,0.24897733288344964,0.007701112293724893
temporal,0,0.18916648826739346,0.691892707550702,0.11894080418190438
temporal,1,0.643423143028536,0.3316015983704224,0.024975258601041654
temporal,0,0.23897793082254623,0.7156028817452392,0.04541918743221457
temporal,1,0.23252957082043263,0.6826317645446737,0.08483866463489372
temporal,1,0.32294083811859037,0.6605838969961007,0.016475264885308993
temporal,0,0.5173157127710066,0.45933109109658893,0.023353196132404455
temporal,1,0.2564024039951039,0.7254408491077561,0.018156746897140176
temporal,1,0.6293702382886919,0.3507610989794839,0.019868662731824117
temporal,0,0.6187395239760223,0.2785474986165169,0.1027129774074607
temporal,1,0.27275899460978853,0.5924327012196813,0.1348083041705302
temporal,1,0.40016290332573545,0.5845068717434814,0.015330224930783195
temporal,0,0.5450124168693689,0.41817790098530966,0.03680968214532122
temporal,1,0.6653421448921708,0.3180177117415428,0.016640143366286546
temporal,0,0.7748829182807528,0.21460736817638476,0.010509713542862509
temporal,1,0.4231440936344023,0.41534980267269317,0.1615061036929047
temporal,0,0.4946011934002173,0.4558400722037982,0.049558734395984634
temporal,1,0.4367320411752075,0.5575786795720491,0.005689279252743578
temporal,0,0.7372562627447042,0.2525880292865031,0.010155707968792635
temporal,0,0.15615158613993257,0.7878726167883613,0.055975797071706114
temporal,0,0.4869382086687035,0.2874348401033261,0.22562695122797033
temporal,1,0.4231786922591481,0.4329059959539444,0.14391531178690747
temporal,0,0.7267913525973848,0.2614278579162188,0.01178078948639659
temporal,0,0.5445587514839889,0.2811954180883318,0.17424583042767924
temporal,0,0.5338134710129473,0.4455590232279428,0.020627505759109967
temporal,0,0.47889407906958636,0.29005202964187615,0.23105389128853746
temporal,0,0.5690047115078738,0.34173329457528306,0.08926199391684317
temporal,2,0.23458131736364168,0.23924367661958942,0.5261750060167689
temporal,0,0.6725570288020648,0.30973594321551834,0.017707027982416808
temporal,0,0.41541408938693697,0.25207856264272027,0.33250734797034276
temporal,0,0.13059414131159935,0.6113325322050533,0.2580733264833474
temporal,0,0.717260883858758,0.27345476278411757,0.0092843533571246
temporal,0,0.6109376430463453,0.22352202860507928,0.16554032834857538
temporal,1,0.22842281432834852,0.7327880687277168,0.03878911694393456
temporal,0,0.41850365760197217,0.3022488819948372,0.2792474604031907
temporal,1,0.29980094496662374,0.6878657484112531,0.012333306622123247
temporal,0,0.24353548506467976,0.2029833033006836,0.5534812116346367
temporal,0,0.5133933295525422,0.29426522902002256,0.19234144142743528
temporal,1,0.20911464380929456,0.7602864648128353,0.03059889137787001
temporal,1,0.27533370618382036,0.2741675620742185,0.45049873174196103
temporal,1,0.45569600616594597,0.4698786431295476,0.07442535070450632
temporal,0,0.5703667633279956,0.28681129236872266,0.14282194430328166
temporal,0,0.46414450959482484,0.4765575474104187,0.05929794299475631
temporal,1,0.21394913107812016,0.7734378643512061,0.012613004570673589
temporal,2,0.11937927679762014,0.1577565447235079,0.722864178478872
temporal,0,0.7358369249769697,0.23520919725979775,0.028953877763232633
temporal,1,0.3566780366297632,0.5831559025538858,0.060166060816350855
temporal,1,0.2841990079224533,0.6944999500142559,0.021301042063290854
temporal,0,0.4891801898168815,0.4615154307077237,0.04930437947539478
temporal,0,0.5380492239162276,0.4177208097449226,0.04422996633884994
temporal,0,0.6659541882626641,0.314875838079245,0.019169973658090828
temporal,1,0.39761297049810396,0.5884492411275535,0.013937788374342546
temporal,0,0.6782894740954377,0.30425029686398075,0.01746022904058145
temporal,2,0.347787035593472,0.36702103853859763,0.28519192586793035
temporal,0,0.4061988215964017,0.5830390847912298,0.01076209361236857
temporal,0,0.6475694378241423,0.3329505038559748,0.019480058319882854
temporal,0,0.67139017899235,0.3060119628297356,0.022597858177914508
temporal,0,0.5935188415482322,0.3597229254204621,0.04675823303130576
temporal,0,0.6624526203990815,0.30900317004362093,0.02854420955729744
temporal,1,0.16239238998591965,0.7793152610427231,0.058292348971357245
temporal,0,0.6098295675215042,0.3325633192568246,0.057607113221671155
temporal,0,0.5732953441330292,0.2574324396932923,0.16927221617367844
temporal,2,0.136704066986648,0.2659834535388796,0.5973124794744724
temporal,1,0.4453970254654072,0.4682638659711717,0.08633910856342106
temporal,0,0.6533441087659277,0.328006868902698,0.01864902233137416
temporal,0,0.30179093047647726,0.6432450308844151,0.05496403863910768
temporal,0,0.7401994631901534,0.2539995847403535,0.0058009520694930015
temporal,2,0.08810054711007309,0.15805262385246815,0.7538468290374588
temporal,0,0.664740307229341,0.3146992588975712,0.020560433873087862
temporal,1,0.5882551833868218,0.32446154343232403,0.08728327318085412
temporal,0,0.3049200745995246,0.6789089204615533,0.016171004938922075
temporal,1,0.5930731033472103,0.23344741680798223,0.17347947984480744
temporal,0,0.8026824836791985,0.1760876884885705,0.02122982783223108
temporal,2,0.4751127940574526,0.4423655559098013,0.08252165003274604
temporal,1,0.19523946891204105,0.7600117977894414,0.044748733298517605
temporal,0,0.5924145297635357,0.37980743335934875,0.027778036877115553
temporal,0,0.6973105671927632,0.2779371281534625,0.024752304653774142
temporal,1,0.3225110058811009,0.6372535002191279,0.04023549389977139
temporal,0,0.6655065851186308,0.3165575416067059,0.01793587327466325
temporal,0,0.6692915405971218,0.3162108012201073,0.014497658182771017
temporal,0,0.5686593089403259,0.3963530930605622,0.03498759799911187
temporal,0,0.5647892825130183,0.4037312897127047,0.031479427774276876
temporal,0,0.2193530648263498,0.696777950470216,0.08386898470343415
temporal,1,0.2983369435391531,0.68442139506876,0.01724166139208704
temporal,0,0.6815398559106187,0.30368340920535525,0.014776734884025996
temporal,1,0.7147394815579864,0.27274256664642915,0.01251795179558458
temporal,0,0.7430399895692685,0.24202843700312543,0.014931573427606098
temporal,0,0.7429326589017278,0.2463322584575113,0.010735082640761074
temporal,0,0.646371343278196,0.3301368894177503,0.02349176730405375
temporal,0,0.5978064087315771,0.3443617084950233,0.05783188277339975
temporal,1,0.21747535503183096,0.7025971279799959,0.0799275169881731
temporal,0,0.40032028226344163,0.5525208580963159,0.04715885964024245
temporal,1,0.6452831614982831,0.34034642138510945,0.014370417116607396
temporal,0,0.41500180064677483,0.5758970906243053,0.009101108728919862
temporal,1,0.7056735158244204,0.2795151235725605,0.014811360603019042
temporal,0,0.6113956375294319,0.34634466245272166,0.042259700017846465
temporal,1,0.6170099963799449,0.3498951127851185,0.03309489083493648
temporal,0,0.3172928391365925,0.6706299918125539,0.012077169050853664
temporal,2,0.382223931251377,0.3920745015390138,0.22570156720960904
temporal,0,0.6929266390995859,0.2961524484688338,0.010920912431580493
temporal,0,0.4077222807291461,0.2665709771812323,0.3257067420896217
temporal,0,0.7850683803385768,0.19444525461065904,0.020486365050764038
temporal,0,0.7715488380478236,0.2177523523804577,0.010698809571718468
temporal,0,0.26785488385873363,0.7176396602094599,0.014505455931806377
temporal,0,0.300118932759721,0.6682245393146318,0.03165652792564723
temporal,1,0.7499327901365018,0.2387893563913074,0.011277853472190937
temporal,1,0.2395385148991392,0.7208652323211564,0.0395962527797044
temporal,0,0.4669551530274966,0.5040373955196414,0.029007451452862133
temporal,1,0.1589546200608259,0.7632652571024936,0.07778012283668037
temporal,0,0.37580408534368914,0.3368830395031704,0.28731287515314063
temporal,0,0.6826054444830898,0.30153193280794754,0.01586262270896266
temporal,1,0.7132249994681648,0.2731857498273685,0.013589250704466926
temporal,0,0.5595207164924967,0.39721105788886774,0.043268225618635574
temporal,0,0.7180606703878685,0.270020550013247,0.011918779598884476
temporal,0,0.43569286805535956,0.5554150929117412,0.008892039032899177
temporal,1,0.21735115827436907,0.734089107903267,0.0485597338223638
temporal,1,0.1526866695934846,0.8265167156789156,0.020796614727599732
temporal,0,0.6773612838914157,0.3036333877778871,0.019005328330697235
temporal,0,0.7115673558498126,0.27578299385659305,0.0126496502935943
temporal,1,0.33999477060388317,0.6495212341561853,0.010483995239931624
temporal,0,0.5853776498437113,0.365152809988768,0.04946954016752071
temporal,0,0.6190299272927435,0.3537285315349532,0.027241541172303308
temporal,0,0.6769428523314334,0.2918121562294965,0.031244991439070086
temporal,1,0.7439176759954301,0.24630729008127678,0.009775033923292965
temporal,0,0.6335277710128933,0.33485286065052,0.03161936833658681
temporal,1,0.4932776434425422,0.45984553936849004,0.04687681718896775
temporal,0,0.8191542801079033,0.16975450376779344,0.011091216124303426
temporal,0,0.7005618653072521,0.2847279037260554,0.014710230966692458
temporal,0,0.6875635485073609,0.30149263318122604,0.010943818311413079
temporal,0,0.6555685784198846,0.33574199063998494,0.008689430940130471
temporal,0,0.6201462345581253,0.30596434783706533,0.0738894176048093
temporal,1,0.4410886312090404,0.2758516614197839,0.2830597073711757
temporal,0,0.681663752574118,0.3073484030965711,0.010987844329310905
temporal,1,0.32921642451142913,0.6603239438364044,0.010459631652166552
temporal,1,0.23257490485422708,0.7158259695432829,0.051599125602490005
temporal,0,0.5167344146470171,0.4606647171675483,0.022600868185434476
temporal,1,0.1683823887087422,0.7718648907744587,0.05975272051679899
temporal,1,0.8184549183042498,0.16711534201926675,0.014429739676483855
temporal,0,0.09377979486616526,0.03776225235125293,0.8684579527825818
temporal,0,0.6227360186809617,0.35511972353063104,0.022144257788407107
temporal,0,0.0640528122688225,0.4309253250288837,0.5050218627022937
temporal,1,0.37148114082652606,0.4755107993057832,0.1530080598676907
temporal,0,0.6824138102567565,0.2866764320632468,0.03090975767999677
temporal,0,0.5515003165582686,0.43074221135316393,0.017757472088567552
temporal,0,0.6267484465533325,0.3597537155698164,0.013497837876851142
temporal,0,0.5593598197669178,0.301871080476909,0.13876909975617313
temporal,1,0.17920628864693358,0.7600665612391362,0.06072715011393039
temporal,0,0.41682669902338915,0.550644164272199,0.03252913670441178
temporal,1,0.7223212033401658,0.266009383251469,0.011669413408365146
temporal,0,0.1656335683406186,0.7615894981922814,0.07277693346709993
temporal,0,0.5575136498463714,0.3839998128790478,0.05848653727458075
temporal,2,0.3737395506822482,0.4364296827311584,0.18983076658659334
temporal,0,0.6311913568176719,0.27749435132897315,0.0913142918533549
temporal,0,0.889316455328966,0.10047039769459327,0.010213146976440764
temporal,1,0.24694324973062134,0.7395474686067514,0.013509281662627309
temporal,1,0.696379747243969,0.2963256063821454,0.007294646373885631
temporal,1,0.2647579481314719,0.7133320742935005,0.02190997757502753
temporal,1,0.6236519649067386,0.3672876129841967,0.009060422109064662
temporal,0,0.5626073214688494,0.2794878637983886,0.15790481473276183
temporal,2,0.2677300159218268,0.5867350260064262,0.14553495807174704
temporal,1,0.5780168401858168,0.3945271127567735,0.0274560470574096
temporal,0,0.5863285889789678,0.36350649641661337,0.050164914604418874
temporal,0,0.6824912656957618,0.30029369661361793,0.01721503769062025
temporal,0,0.4805282016252238,0.4702521050471792,0.04921969332759706
temporal,0,0.6807082156512904,0.305596207427525,0.0136955769211848
temporal,0,0.4051003943777757,0.3721312429468563,0.22276836267536804
temporal,0,0.5870644355338472,0.37073641924663253,0.042199145219520215
temporal,2,0.06488774119879491,0.08455441826750179,0.8505578405337033
temporal,1,0.3772572166085046,0.5011762557652623,0.12156652762623321
temporal,0,0.38441653678444593,0.6089774491438684,0.0066060140716856525
temporal,0,0.5374078556510868,0.3746061318364961,0.08798601251241722
temporal,1,0.777581669167882,0.19982789838412118,0.02259043244799686
temporal,0,0.6753238593264564,0.31569806488890706,0.00897807578463677
temporal,1,0.29495106562982826,0.6924639263739968,0.012585007996174954
temporal,0,0.5334110299380436,0.24302759305885657,0.2235613770030999
temporal,1,0.6918447187923281,0.279611628563488,0.028543652644184188
temporal,0,0.752266072622956,0.21432236275135744,0.03341156462568658
temporal,0,0.22748479030532126,0.4714775194783242,0.3010376902163545
temporal,1,0.6676499285030773,0.3120941980923849,0.020255873404537862
temporal,0,0.6517173183596365,0.3310554565993452,0.017227225041018285
temporal,1,0.6850810817427906,0.2946611203059789,0.020257797951230515
temporal,1,0.7362188729814468,0.2327895720666496,0.03099155495190357
temporal,1,0.7177151507895841,0.2687556622749587,0.013529186935457247
temporal,0,0.6892766567712773,0.29968026790665825,0.011043075322064595
temporal,0,0.05106788158222562,0.15012254696474917,0.7988095714530252
temporal,1,0.7633484935811864,0.22828064906525883,0.008370857353554865
temporal,0,0.5470433872119533,0.3146980588055543,0.13825855398249237
temporal,1,0.06702003588668289,0.9067747972265652,0.026205166886751924
temporal,0,0.566067865758076,0.39388615292013507,0.04004598132178884
temporal,1,0.7231190965425925,0.2666239972927213,0.010256906164686122
temporal,0,0.2828735569475235,0.7039038557652709,0.013222587287205581
temporal,1,0.2336451484821236,0.15075636742352766,0.6155984840943488
temporal,1,0.0975727516745715,0.13407314144861363,0.7683541068768149
temporal,0,0.6204344871718598,0.36879890469586213,0.010766608132278078
temporal,1,0.7106453389933958,0.2647945269121521,0.024560134094451846
temporal,1,0.3962901394173829,0.5978942014184885,0.005815659164128665
temporal,1,0.6282130561953689,0.35434804030797534,0.01743890349665573
temporal,0,0.5355701719453195,0.2697105623242516,0.19471926573042894
temporal,1,0.4394416453319751,0.35124568499560244,0.2093126696724224
temporal,0,0.610242006475618,0.3500192415043081,0.039738752020073716
temporal,1,0.4855802615812088,0.4806708270658879,0.0337489113529033
temporal,0,0.5910297805792915,0.36180305237634747,0.04716716704436105
temporal,0,0.656290689247123,0.33095989503367484,0.012749415719202331
temporal,1,0.36137896980301115,0.4770600349006249,0.16156099529636406
temporal,0,0.4800195543205069,0.46545667059164436,0.054523775087848655
temporal,1,0.6628497679278202,0.3143751032019768,0.02277512887020299
temporal,2,0.2900402124592461,0.33006239279306915,0.37989739474768475
temporal,1,0.5109593569005614,0.2993510913306666,0.18968955176877206
temporal,0,0.3474547147475075,0.5735904034462528,0.07895488180623979
temporal,1,0.31640222648193234,0.584175056277024,0.0994227172410437
temporal,1,0.5751466193377007,0.3616381516253009,0.06321522903699832
temporal,0,0.5147876803477732,0.4480816299897665,0.0371306896624602
temporal,0,0.5556681217965468,0.4232205681610569,0.02111131004239616
temporal,0,0.5904413055388171,0.3878712793718046,0.021687415089378333
temporal,0,0.737615582715249,0.24851547417029965,0.013868943114451363
temporal,1,0.15606711083305258,0.7920962950917708,0.051836594075176566
temporal,1,0.33084305706551087,0.2909187261675378,0.3782382167669513
temporal,2,0.24312159115943652,0.1064808051550711,0.6503976036854924
temporal,0,0.3467092246132968,0.6443410360897538,0.008949739296949468
temporal,0,0.6898285913979751,0.294855575440278,0.01531583316174688
temporal,0,0.5882785898466919,0.27285481300687386,0.13886659714643415
temporal,1,0.25631054302410056,0.6527073687405889,0.09098208823531045
temporal,1,0.5594453488894087,0.40982713861920306,0.03072751249138817
temporal,0,0.4979058372564375,0.32401549951759057,0.17807866322597188
temporal,0,0.573596477076906,0.4081156720272959,0.0182878508957982
temporal,2,0.37598364932427086,0.33296160798152213,0.29105474269420695
temporal,0,0.49601906176772603,0.3278265792237701,0.17615435900850385
temporal,0,0.5718842779579657,0.2700533242409947,0.15806239780103964
temporal,2,0.026437717001232475,0.049181841216353175,0.9243804417824142
temporal,1,0.25148529229127914,0.7316746229534677,0.016840084755253254
temporal,2,0.10649232325197784,0.30394356030764247,0.5895641164403796
temporal,0,0.4315997313375856,0.3428962501932603,0.22550401846915422
temporal,1,0.6157441412002906,0.3631476766842294,0.021108182115480066
temporal,0,0.02481576366649211,0.04775609829382522,0.9274281380396825
temporal,2,0.19792799726101473,0.4756423659879808,0.3264296367510044
temporal,1,0.45678896940092156,0.45135491769988106,0.09185611289919751
temporal,1,0.34250178131078723,0.6364464949061845,0.021051723783028196
temporal,0,0.46395303801637044,0.36515678667378093,0.17089017530984862
temporal,0,0.5483978643806935,0.3412807181782195,0.11032141744108703
temporal,1,0.2635174720996039,0.20844942957370205,0.5280330983266942
temporal,1,0.6449946454316053,0.3103057957667956,0.04469955880159894
temporal,1,0.15984479092400367,0.7860068840210148,0.054148325054981336
temporal,0,0.48721496530835307,0.45608412354765065,0.05670091114399611
temporal,0,0.11097632103928465,0.6212494752793697,0.26777420368134563
temporal,2,0.11407235369016697,0.14411544791617936,0.7418121983936536
temporal,1,0.2741698544913399,0.7110956183126503,0.014734527196009655
temporal,0,0.00589109422045669,0.9797205327749003,0.01438837300464304
temporal,0,0.31060108665696273,0.6832019196111581,0.006196993731879242
temporal,0,0.4667711354016183,0.376912669281723,0.15631619531665863
temporal,0,0.6453378672700646,0.32869800182393555,0.025964130905999815
temporal,1,0.721988349077839,0.260382062843198,0.01762958807896292
temporal,0,0.647989158538698,0.32900773385834664,0.023003107602955573
temporal,1,0.7511542046018784,0.23174628823611831,0.017099507162003345
temporal,1,0.29265326488497284,0.693098772424897,0.0142479626901302
temporal,0,0.6707682506759486,0.28971603000189106,0.03951571932216033
temporal,0,0.129005383303677,0.6004837741937428,0.27051084250258023
temporal,0,0.4550635716358509,0.5083603993305489,0.03657602903360023
temporal,0,0.5975133298423485,0.35841839041516754,0.04406827974248408
temporal,0,0.7227979108992663,0.25887225166384353,0.018329837436890324
temporal,0,0.721293366679192,0.264513810356313,0.014192822964494986
temporal,1,0.26737680037531775,0.716526912718424,0.01609628690625843
temporal,0,0.6981649027210629,0.289575865497575,0.012259231781362134
temporal,1,0.615598503695119,0.36067282781110743,0.023728668493773603
temporal,1,0.1449152536636034,0.7917890120735649,0.06329573426283161
temporal,0,0.5803239799622228,0.39412677822904707,0.025549241808730156
temporal,1,0.2766238081542071,0.7084063633815212,0.014969828464271612
temporal,1,0.14878591474151723,0.7839866342656439,0.06722745099283896
temporal,0,0.5965494490952051,0.38469035632661724,0.018760194578177625
temporal,1,0.2175353050822082,0.7547384676434031,0.027726227274388827
temporal,0,0.4550526321006488,0.49716816645351763,0.047779201445833606
temporal,0,0.23132263755340227,0.7557925833931929,0.012884779053404844
temporal,1,0.5153592791068454,0.436999794557006,0.047640926336148526
temporal,0,0.19566330021808906,0.7884851927771773,0.015851507004733638
temporal,0,0.5084656783705223,0.44716487370551256,0.044369447923965126
temporal,1,0.5477792321490954,0.3923334669097942,0.059887300941110465
temporal,0,0.19277671462234797,0.7774340874728068,0.029789197904845292
temporal,0,0.2673146156766727,0.7052851203518578,0.027400263971469475
temporal,0,0.1990820506712941,0.31327416731306845,0.4876437820156374
temporal,0,0.1546687911196648,0.7997845411792975,0.045546667701037685
temporal,1,0.38717621766912574,0.6039386081298573,0.008885174201017013
temporal,0,0.33693867139326156,0.6457325888717487,0.017328739734989888
temporal,0,0.4510844429449155,0.5098498924836502,0.03906566457143444
temporal,1,0.24516809176518564,0.7367564382686689,0.018075469966145504
temporal,0,0.7374372921435843,0.23597357343130207,0.026589134425113632
temporal,1,0.14239299728886304,0.7933425494691205,0.06426445324201649
temporal,0,0.7546485198210116,0.23833847601222113,0.007013004166767187
temporal,0,0.6576704237300179,0.32393423581010566,0.01839534045987632
temporal,0,0.3280851374900898,0.6536036809820871,0.018311181527823156
temporal,0,0.672096734446425,0.3094527148017966,0.018450550751778448
temporal,0,0.39612596825252433,0.5958120375377454,0.008061994209730354
temporal,0,0.6307871068795302,0.3501531515109298,0.019059741609539962
temporal,1,0.5751054050350046,0.3894524434867944,0.035442151478201026
temporal,2,0.10621341243748597,0.1568094829180411,0.736977104644473
temporal,0,0.5646883919292505,0.2852999499920957,0.15001165807865394
temporal,0,0.694573757721046,0.2898186291032646,0.015607613175689377
temporal,2,0.06391133661164425,0.07826889705644,0.8578197663319156
temporal,0,0.8356398963261602,0.12534768512437694,0.03901241854946273
temporal,0,0.46557168881930533,0.492351780682296,0.042076530498398615
temporal,2,0.3424770797725184,0.5455504082519669,0.11197251197551476
temporal,0,0.50845573453214,0.48079774944158526,0.010746516026274657
temporal,2,0.06435020934452848,0.0708481976614627,0.8648015929940088
temporal,0,0.5312033260298793,0.37697286549119446,0.0918238084789264
temporal,0,0.6557080861766871,0.2933699805375242,0.05092193328578878
temporal,2,0.15089638513445985,0.20786447792616558,0.6412391369393744
temporal,0,0.6894794598070783,0.29306851456978106,0.017452025623140667
temporal,0,0.5522904740177113,0.27653727963197183,0.17117224635031683
temporal,1,0.14582427435842094,0.7764729984869831,0.07770272715459599
temporal,0,0.5662656665159025,0.40470875598824324,0.029025577495854243
temporal,0,0.19932624591220033,0.752508949694238,0.04816480439356178
temporal,1,0.30463522772074053,0.6782314611691281,0.017133311110131354
temporal,1,0.714400844333358,0.25831229955998153,0.027286856106660616
temporal,1,0.20192866325571068,0.7409733358814847,0.057098000862804546
temporal,0,0.6267608337371915,0.35586044699808683,0.01737871926472182
temporal,0,0.5581876586228588,0.3665896702018208,0.07522267117532046
temporal,2,0.5395665610059128,0.28981943157161083,0.17061400742247643
temporal,0,0.7294970537491609,0.25628387448969786,0.014219071761141289
temporal,2,0.2362847771198271,0.19750354571861642,0.5662116771615564
temporal,2,0.3193101384101994,0.30591034338617157,0.374779518203629
temporal,0,0.6339817507370957,0.3416026401418342,0.02441560912107007
temporal,0,0.6262001135713609,0.2325404889528512,0.14125939747578808
temporal,0,0.4592961285352037,0.49666256578931367,0.044041305675482575
temporal,0,0.6924609313985143,0.2921133934791415,0.015425675122344237
temporal,1,0.6861724696727663,0.2978527059935434,0.015974824333690293
temporal,1,0.5376909319720501,0.42173310333519787,0.040575964692752056
temporal,1,0.23390958444415538,0.7270234996078135,0.03906691594803094
temporal,0,0.4366902374108886,0.5506502840449208,0.012659478544190741
temporal,0,0.4470088592171124,0.38658758990082276,0.16640355088206474
temporal,0,0.7453699558702895,0.24314929032038135,0.011480753809329078
temporal,0,0.5483788695596162,0.3515942838891126,0.10002684655127132
temporal,0,0.6293976004460069,0.29569121304613966,0.0749111865078537
temporal,0,0.7084426076927011,0.2797961009597528,0.011761291347545996
